date,brand,imp,clicks,conv,rev
1/1/23,Nike,9475,547,39,"$2,340"
1/1/23,On Cloud,4746,145,9,$270
1/1/23,Hoka,5426,194,5,$150
1/1/23,Adidas,8028,278,16,$576
1/1/23,New Balance,5899,464,10,$300
1/1/23,Asics,0,0,0,$0
1/1/23,Reebok,1734,92,3,$141
1/1/23,Saucony,0,0,0,$0
1/1/23,Brooks,0,0,0,$0
1/1/23,Altra,0,0,0,$0
1/1/23,Puma,3938,77,2,$130
1/1/23,Under Armour,1542,35,2,$20
1/1/23,Mizuno,0,0,0,$0
1/2/23,Nike,9597,398,25,"$1,500"
1/2/23,On Cloud,5327,356,20,$600
1/2/23,Hoka,4674,192,8,$240
1/2/23,Adidas,8393,305,15,$405
1/2/23,New Balance,6045,580,22,$660
1/2/23,Asics,0,0,0,$0
1/2/23,Reebok,1345,55,2,$92
1/2/23,Saucony,0,0,0,$0
1/2/23,Brooks,0,0,0,$0
1/2/23,Altra,0,0,0,$0
1/2/23,Puma,3411,68,1,$57
1/2/23,Under Armour,1761,52,2,$20
1/2/23,Mizuno,0,0,0,$0
1/3/23,Nike,10666,589,39,"$2,340"
1/3/23,On Cloud,5289,306,17,$510
1/3/23,Hoka,5336,206,6,$180
1/3/23,Adidas,8044,379,19,$456
1/3/23,New Balance,6803,616,25,$750
1/3/23,Asics,0,0,0,$0
1/3/23,Reebok,1849,75,3,$144
1/3/23,Saucony,0,0,0,$0
1/3/23,Brooks,0,0,0,$0
1/3/23,Altra,0,0,0,$0
1/3/23,Puma,3343,42,1,$46
1/3/23,Under Armour,1877,67,3,$30
1/3/23,Mizuno,0,0,0,$0
1/4/23,Nike,10056,506,39,"$2,340"
1/4/23,On Cloud,5194,286,20,$600
1/4/23,Hoka,4613,151,4,$120
1/4/23,Adidas,7892,389,21,$651
1/4/23,New Balance,6697,597,19,$570
1/4/23,Asics,0,0,0,$0
1/4/23,Reebok,1278,58,2,$80
1/4/23,Saucony,0,0,0,$0
1/4/23,Brooks,0,0,0,$0
1/4/23,Altra,0,0,0,$0
1/4/23,Puma,4321,12,1,$59
1/4/23,Under Armour,1568,72,3,$45
1/4/23,Mizuno,0,0,0,$0
1/5/23,Nike,9876,429,26,"$1,560"
1/5/23,On Cloud,5055,308,16,$480
1/5/23,Hoka,5078,223,9,$270
1/5/23,Adidas,8315,427,23,$529
1/5/23,New Balance,6360,571,19,$570
1/5/23,Asics,0,0,0,$0
1/5/23,Reebok,1117,62,2,$90
1/5/23,Saucony,0,0,0,$0
1/5/23,Brooks,0,0,0,$0
1/5/23,Altra,0,0,0,$0
1/5/23,Puma,3928,30,1,$62
1/5/23,Under Armour,1599,38,2,$26
1/5/23,Mizuno,0,0,0,$0
1/6/23,Nike,9322,456,34,"$2,040"
1/6/23,On Cloud,4713,224,14,$420
1/6/23,Hoka,5347,233,9,$270
1/6/23,Adidas,8137,351,14,$308
1/6/23,New Balance,6129,473,10,$300
1/6/23,Asics,0,0,0,$0
1/6/23,Reebok,1365,72,3,$129
1/6/23,Saucony,0,0,0,$0
1/6/23,Brooks,0,0,0,$0
1/6/23,Altra,0,0,0,$0
1/6/23,Puma,4219,79,2,$108
1/6/23,Under Armour,1443,52,2,$36
1/6/23,Mizuno,0,0,0,$0
1/7/23,Nike,10922,436,33,"$1,980"
1/7/23,On Cloud,4925,166,10,$300
1/7/23,Hoka,4850,195,7,$210
1/7/23,Adidas,8592,331,11,$253
1/7/23,New Balance,6663,502,13,$390
1/7/23,Asics,0,0,0,$0
1/7/23,Reebok,1409,68,2,$98
1/7/23,Saucony,0,0,0,$0
1/7/23,Brooks,0,0,0,$0
1/7/23,Altra,0,0,0,$0
1/7/23,Puma,4217,23,1,$49
1/7/23,Under Armour,1954,92,4,$64
1/7/23,Mizuno,0,0,0,$0
1/8/23,Nike,9948,533,42,"$2,520"
1/8/23,On Cloud,4966,287,16,$480
1/8/23,Hoka,5126,168,6,$180
1/8/23,Adidas,7799,258,11,$385
1/8/23,New Balance,6002,504,15,$450
1/8/23,Asics,0,0,0,$0
1/8/23,Reebok,1315,64,3,$123
1/8/23,Saucony,0,0,0,$0
1/8/23,Brooks,0,0,0,$0
1/8/23,Altra,0,0,0,$0
1/8/23,Puma,4180,42,1,$55
1/8/23,Under Armour,2152,108,3,$48
1/8/23,Mizuno,0,0,0,$0
1/9/23,Nike,9709,495,34,"$2,040"
1/9/23,On Cloud,5212,313,16,$480
1/9/23,Hoka,5436,184,6,$180
1/9/23,Adidas,8159,246,12,$444
1/9/23,New Balance,6639,501,14,$420
1/9/23,Asics,0,0,0,$0
1/9/23,Reebok,1190,55,2,$100
1/9/23,Saucony,0,0,0,$0
1/9/23,Brooks,0,0,0,$0
1/9/23,Altra,0,0,0,$0
1/9/23,Puma,4278,39,1,$46
1/9/23,Under Armour,1819,84,3,$48
1/9/23,Mizuno,0,0,0,$0
1/10/23,Nike,10164,447,28,"$1,680"
1/10/23,On Cloud,5348,226,15,$450
1/10/23,Hoka,4865,239,6,$180
1/10/23,Adidas,7812,365,13,$429
1/10/23,New Balance,6362,631,18,$540
1/10/23,Asics,0,0,0,$0
1/10/23,Reebok,1507,74,2,$82
1/10/23,Saucony,0,0,0,$0
1/10/23,Brooks,0,0,0,$0
1/10/23,Altra,0,0,0,$0
1/10/23,Puma,4309,16,1,$50
1/10/23,Under Armour,1857,55,2,$40
1/10/23,Mizuno,0,0,0,$0
1/11/23,Nike,10114,423,28,"$1,680"
1/11/23,On Cloud,5542,318,13,$390
1/11/23,Hoka,4876,186,6,$180
1/11/23,Adidas,7979,441,21,$483
1/11/23,New Balance,6699,497,16,$480
1/11/23,Asics,0,0,0,$0
1/11/23,Reebok,1445,76,3,$141
1/11/23,Saucony,0,0,0,$0
1/11/23,Brooks,0,0,0,$0
1/11/23,Altra,0,0,0,$0
1/11/23,Puma,3983,52,2,$90
1/11/23,Under Armour,1866,61,1,$15
1/11/23,Mizuno,0,0,0,$0
1/12/23,Nike,10397,475,38,"$2,280"
1/12/23,On Cloud,5046,184,12,$360
1/12/23,Hoka,5492,228,7,$210
1/12/23,Adidas,8341,459,28,$700
1/12/23,New Balance,6135,514,13,$390
1/12/23,Asics,0,0,0,$0
1/12/23,Reebok,1479,74,3,$144
1/12/23,Saucony,0,0,0,$0
1/12/23,Brooks,0,0,0,$0
1/12/23,Altra,0,0,0,$0
1/12/23,Puma,3849,11,1,$45
1/12/23,Under Armour,1534,67,2,$20
1/12/23,Mizuno,0,0,0,$0
1/13/23,Nike,10245,541,39,"$2,340"
1/13/23,On Cloud,5140,197,9,$270
1/13/23,Hoka,4712,229,8,$240
1/13/23,Adidas,8551,428,15,$390
1/13/23,New Balance,5970,435,17,$510
1/13/23,Asics,0,0,0,$0
1/13/23,Reebok,1379,63,2,$100
1/13/23,Saucony,0,0,0,$0
1/13/23,Brooks,0,0,0,$0
1/13/23,Altra,0,0,0,$0
1/13/23,Puma,4084,52,1,$51
1/13/23,Under Armour,1658,52,1,$19
1/13/23,Mizuno,0,0,0,$0
1/14/23,Nike,11049,640,44,"$2,640"
1/14/23,On Cloud,5039,197,9,$270
1/14/23,Hoka,4705,167,7,$210
1/14/23,Adidas,7971,368,12,$396
1/14/23,New Balance,6193,562,14,$420
1/14/23,Asics,0,0,0,$0
1/14/23,Reebok,1249,54,2,$92
1/14/23,Saucony,0,0,0,$0
1/14/23,Brooks,0,0,0,$0
1/14/23,Altra,0,0,0,$0
1/14/23,Puma,3518,20,1,$60
1/14/23,Under Armour,1635,49,2,$38
1/14/23,Mizuno,0,0,0,$0
1/15/23,Nike,10740,445,34,"$2,040"
1/15/23,On Cloud,5528,319,17,$510
1/15/23,Hoka,4987,241,7,$210
1/15/23,Adidas,7770,449,19,$437
1/15/23,New Balance,6273,501,14,$420
1/15/23,Asics,0,0,0,$0
1/15/23,Reebok,1394,79,4,$176
1/15/23,Saucony,0,0,0,$0
1/15/23,Brooks,0,0,0,$0
1/15/23,Altra,0,0,0,$0
1/15/23,Puma,3916,44,1,$54
1/15/23,Under Armour,2208,81,2,$40
1/15/23,Mizuno,0,0,0,$0
1/16/23,Nike,10689,412,28,"$1,680"
1/16/23,On Cloud,5208,289,20,$600
1/16/23,Hoka,5131,175,7,$210
1/16/23,Adidas,8452,265,14,$364
1/16/23,New Balance,6774,581,14,$420
1/16/23,Asics,0,0,0,$0
1/16/23,Reebok,1112,65,3,$123
1/16/23,Saucony,0,0,0,$0
1/16/23,Brooks,0,0,0,$0
1/16/23,Altra,0,0,0,$0
1/16/23,Puma,4045,14,1,$47
1/16/23,Under Armour,1697,52,2,$20
1/16/23,Mizuno,0,0,0,$0
1/17/23,Nike,10713,442,28,"$1,680"
1/17/23,On Cloud,5302,214,15,$450
1/17/23,Hoka,5061,191,7,$210
1/17/23,Adidas,8660,354,20,$500
1/17/23,New Balance,6280,563,20,$600
1/17/23,Asics,0,0,0,$0
1/17/23,Reebok,1429,81,4,$160
1/17/23,Saucony,0,0,0,$0
1/17/23,Brooks,0,0,0,$0
1/17/23,Altra,0,0,0,$0
1/17/23,Puma,3868,25,1,$62
1/17/23,Under Armour,2257,111,3,$48
1/17/23,Mizuno,0,0,0,$0
1/18/23,Nike,11279,557,44,"$2,640"
1/18/23,On Cloud,5206,185,8,$240
1/18/23,Hoka,4892,260,8,$240
1/18/23,Adidas,7882,401,20,$460
1/18/23,New Balance,6063,515,12,$360
1/18/23,Asics,0,0,0,$0
1/18/23,Reebok,1521,70,3,$135
1/18/23,Saucony,0,0,0,$0
1/18/23,Brooks,0,0,0,$0
1/18/23,Altra,0,0,0,$0
1/18/23,Puma,3510,68,1,$47
1/18/23,Under Armour,1495,62,2,$24
1/18/23,Mizuno,0,0,0,$0
1/19/23,Nike,9318,316,20,"$1,200"
1/19/23,On Cloud,5518,322,16,$480
1/19/23,Hoka,5366,284,11,$330
1/19/23,Adidas,8345,406,14,$322
1/19/23,New Balance,6658,645,20,$600
1/19/23,Asics,0,0,0,$0
1/19/23,Reebok,1578,87,4,$168
1/19/23,Saucony,0,0,0,$0
1/19/23,Brooks,0,0,0,$0
1/19/23,Altra,0,0,0,$0
1/19/23,Puma,4090,45,1,$53
1/19/23,Under Armour,2249,83,3,$33
1/19/23,Mizuno,0,0,0,$0
1/20/23,Nike,10857,499,38,"$2,280"
1/20/23,On Cloud,5063,313,15,$450
1/20/23,Hoka,4875,247,9,$270
1/20/23,Adidas,7780,311,15,$525
1/20/23,New Balance,6756,499,14,$420
1/20/23,Asics,0,0,0,$0
1/20/23,Reebok,1259,74,3,$141
1/20/23,Saucony,0,0,0,$0
1/20/23,Brooks,0,0,0,$0
1/20/23,Altra,0,0,0,$0
1/20/23,Puma,4345,34,1,$45
1/20/23,Under Armour,1844,42,2,$36
1/20/23,Mizuno,0,0,0,$0
1/21/23,Nike,10466,541,34,"$2,040"
1/21/23,On Cloud,5043,353,25,$750
1/21/23,Hoka,4802,279,7,$210
1/21/23,Adidas,7964,411,20,$680
1/21/23,New Balance,6386,456,10,$300
1/21/23,Asics,0,0,0,$0
1/21/23,Reebok,1663,85,4,$184
1/21/23,Saucony,0,0,0,$0
1/21/23,Brooks,0,0,0,$0
1/21/23,Altra,0,0,0,$0
1/21/23,Puma,3837,24,1,$48
1/21/23,Under Armour,2148,104,4,$80
1/21/23,Mizuno,0,0,0,$0
1/22/23,Nike,10300,323,21,"$1,260"
1/22/23,On Cloud,4814,227,14,$420
1/22/23,Hoka,5045,234,7,$210
1/22/23,Adidas,8510,369,12,$444
1/22/23,New Balance,6851,494,15,$450
1/22/23,Asics,0,0,0,$0
1/22/23,Reebok,1317,79,3,$132
1/22/23,Saucony,0,0,0,$0
1/22/23,Brooks,0,0,0,$0
1/22/23,Altra,0,0,0,$0
1/22/23,Puma,3601,57,1,$48
1/22/23,Under Armour,1857,76,2,$32
1/22/23,Mizuno,0,0,0,$0
1/23/23,Nike,9564,430,27,"$1,620"
1/23/23,On Cloud,4593,168,11,$330
1/23/23,Hoka,5592,333,7,$210
1/23/23,Adidas,8024,326,20,$580
1/23/23,New Balance,6045,497,17,$510
1/23/23,Asics,0,0,0,$0
1/23/23,Reebok,1096,62,2,$94
1/23/23,Saucony,0,0,0,$0
1/23/23,Brooks,0,0,0,$0
1/23/23,Altra,0,0,0,$0
1/23/23,Puma,3924,29,1,$64
1/23/23,Under Armour,1409,42,1,$15
1/23/23,Mizuno,0,0,0,$0
1/24/23,Nike,11099,448,29,"$1,740"
1/24/23,On Cloud,5179,291,17,$510
1/24/23,Hoka,5359,242,8,$240
1/24/23,Adidas,8559,403,13,$312
1/24/23,New Balance,6320,520,21,$630
1/24/23,Asics,0,0,0,$0
1/24/23,Reebok,1598,74,3,$132
1/24/23,Saucony,0,0,0,$0
1/24/23,Brooks,0,0,0,$0
1/24/23,Altra,0,0,0,$0
1/24/23,Puma,4129,8,1,$64
1/24/23,Under Armour,1444,51,2,$22
1/24/23,Mizuno,0,0,0,$0
1/25/23,Nike,9544,307,24,"$1,440"
1/25/23,On Cloud,5411,292,19,$570
1/25/23,Hoka,5291,180,5,$150
1/25/23,Adidas,7890,302,14,$294
1/25/23,New Balance,6742,666,22,$660
1/25/23,Asics,0,0,0,$0
1/25/23,Reebok,1772,83,4,$180
1/25/23,Saucony,0,0,0,$0
1/25/23,Brooks,0,0,0,$0
1/25/23,Altra,0,0,0,$0
1/25/23,Puma,4226,49,1,$64
1/25/23,Under Armour,1975,72,2,$40
1/25/23,Mizuno,0,0,0,$0
1/26/23,Nike,9813,427,28,"$1,680"
1/26/23,On Cloud,5355,183,10,$300
1/26/23,Hoka,5366,297,12,$360
1/26/23,Adidas,7906,258,14,$294
1/26/23,New Balance,6284,555,13,$390
1/26/23,Asics,0,0,0,$0
1/26/23,Reebok,1900,89,3,$123
1/26/23,Saucony,0,0,0,$0
1/26/23,Brooks,0,0,0,$0
1/26/23,Altra,0,0,0,$0
1/26/23,Puma,3592,60,1,$49
1/26/23,Under Armour,1650,52,3,$60
1/26/23,Mizuno,0,0,0,$0
1/27/23,Nike,11198,455,30,"$1,800"
1/27/23,On Cloud,5096,350,16,$480
1/27/23,Hoka,4781,286,8,$240
1/27/23,Adidas,8008,274,16,$560
1/27/23,New Balance,6256,613,18,$540
1/27/23,Asics,0,0,0,$0
1/27/23,Reebok,1117,59,2,$90
1/27/23,Saucony,0,0,0,$0
1/27/23,Brooks,0,0,0,$0
1/27/23,Altra,0,0,0,$0
1/27/23,Puma,4148,6,1,$47
1/27/23,Under Armour,2073,60,2,$24
1/27/23,Mizuno,0,0,0,$0
1/28/23,Nike,9609,536,36,"$2,160"
1/28/23,On Cloud,5129,238,17,$510
1/28/23,Hoka,4705,194,5,$150
1/28/23,Adidas,8224,392,14,$280
1/28/23,New Balance,6605,603,16,$480
1/28/23,Asics,0,0,0,$0
1/28/23,Reebok,1075,49,2,$100
1/28/23,Saucony,0,0,0,$0
1/28/23,Brooks,0,0,0,$0
1/28/23,Altra,0,0,0,$0
1/28/23,Puma,4214,70,1,$61
1/28/23,Under Armour,1535,61,3,$33
1/28/23,Mizuno,0,0,0,$0
1/29/23,Nike,10223,603,42,"$2,520"
1/29/23,On Cloud,5470,345,17,$510
1/29/23,Hoka,5044,268,7,$210
1/29/23,Adidas,8539,352,20,$740
1/29/23,New Balance,5888,454,18,$540
1/29/23,Asics,0,0,0,$0
1/29/23,Reebok,1643,87,3,$123
1/29/23,Saucony,0,0,0,$0
1/29/23,Brooks,0,0,0,$0
1/29/23,Altra,0,0,0,$0
1/29/23,Puma,4024,48,2,$104
1/29/23,Under Armour,1386,50,1,$19
1/29/23,Mizuno,0,0,0,$0
1/30/23,Nike,10759,456,37,"$2,220"
1/30/23,On Cloud,5585,339,23,$690
1/30/23,Hoka,4761,206,5,$150
1/30/23,Adidas,8484,414,17,$476
1/30/23,New Balance,6166,548,17,$510
1/30/23,Asics,0,0,0,$0
1/30/23,Reebok,1683,75,3,$141
1/30/23,Saucony,0,0,0,$0
1/30/23,Brooks,0,0,0,$0
1/30/23,Altra,0,0,0,$0
1/30/23,Puma,4151,6,1,$57
1/30/23,Under Armour,1947,62,2,$36
1/30/23,Mizuno,0,0,0,$0
1/31/23,Nike,10338,541,34,"$2,040"
1/31/23,On Cloud,5345,372,21,$630
1/31/23,Hoka,4982,234,8,$240
1/31/23,Adidas,8224,347,21,$525
1/31/23,New Balance,6347,483,10,$300
1/31/23,Asics,0,0,0,$0
1/31/23,Reebok,1413,81,3,$129
1/31/23,Saucony,0,0,0,$0
1/31/23,Brooks,0,0,0,$0
1/31/23,Altra,0,0,0,$0
1/31/23,Puma,3846,47,1,$62
1/31/23,Under Armour,1720,41,2,$24
1/31/23,Mizuno,0,0,0,$0
2/1/23,Nike,11161,394,26,"$1,560"
2/1/23,On Cloud,5229,274,17,$510
2/1/23,Hoka,5403,268,9,$270
2/1/23,Adidas,8055,333,18,$360
2/1/23,New Balance,5903,533,12,$360
2/1/23,Asics,0,0,0,$0
2/1/23,Reebok,1852,75,3,$141
2/1/23,Saucony,0,0,0,$0
2/1/23,Brooks,0,0,0,$0
2/1/23,Altra,0,0,0,$0
2/1/23,Puma,3762,50,1,$61
2/1/23,Under Armour,1309,42,2,$38
2/1/23,Mizuno,0,0,0,$0
2/2/23,Nike,9797,491,30,"$1,800"
2/2/23,On Cloud,5299,224,13,$390
2/2/23,Hoka,5033,163,7,$210
2/2/23,Adidas,8665,470,16,$400
2/2/23,New Balance,6515,636,14,$420
2/2/23,Asics,0,0,0,$0
2/2/23,Reebok,1782,84,2,$82
2/2/23,Saucony,0,0,0,$0
2/2/23,Brooks,0,0,0,$0
2/2/23,Altra,0,0,0,$0
2/2/23,Puma,3620,63,2,$102
2/2/23,Under Armour,1416,64,2,$24
2/2/23,Mizuno,0,0,0,$0
2/3/23,Nike,9638,508,35,"$2,100"
2/3/23,On Cloud,5296,297,16,$480
2/3/23,Hoka,4895,151,5,$150
2/3/23,Adidas,7814,341,12,$420
2/3/23,New Balance,5802,502,15,$450
2/3/23,Asics,0,0,0,$0
2/3/23,Reebok,1719,100,4,$176
2/3/23,Saucony,0,0,0,$0
2/3/23,Brooks,0,0,0,$0
2/3/23,Altra,0,0,0,$0
2/3/23,Puma,4494,78,1,$50
2/3/23,Under Armour,1380,40,1,$19
2/3/23,Mizuno,0,0,0,$0
2/4/23,Nike,10925,532,41,"$2,460"
2/4/23,On Cloud,4946,290,17,$510
2/4/23,Hoka,5686,341,13,$390
2/4/23,Adidas,8145,470,17,$374
2/4/23,New Balance,6128,499,19,$570
2/4/23,Asics,0,0,0,$0
2/4/23,Reebok,1995,98,3,$126
2/4/23,Saucony,0,0,0,$0
2/4/23,Brooks,0,0,0,$0
2/4/23,Altra,0,0,0,$0
2/4/23,Puma,4750,92,2,$112
2/4/23,Under Armour,1339,44,1,$11
2/4/23,Mizuno,0,0,0,$0
2/5/23,Nike,10011,490,34,"$2,040"
2/5/23,On Cloud,5620,382,18,$540
2/5/23,Hoka,5049,167,5,$150
2/5/23,Adidas,8032,366,15,$300
2/5/23,New Balance,5650,440,14,$420
2/5/23,Asics,0,0,0,$0
2/5/23,Reebok,1331,77,3,$129
2/5/23,Saucony,0,0,0,$0
2/5/23,Brooks,0,0,0,$0
2/5/23,Altra,0,0,0,$0
2/5/23,Puma,4063,20,1,$64
2/5/23,Under Armour,1278,59,2,$30
2/5/23,Mizuno,0,0,0,$0
2/6/23,Nike,10307,488,34,"$2,040"
2/6/23,On Cloud,5434,245,17,$510
2/6/23,Hoka,4688,195,5,$150
2/6/23,Adidas,8599,417,20,$560
2/6/23,New Balance,6610,659,14,$420
2/6/23,Asics,0,0,0,$0
2/6/23,Reebok,1641,79,2,$90
2/6/23,Saucony,0,0,0,$0
2/6/23,Brooks,0,0,0,$0
2/6/23,Altra,0,0,0,$0
2/6/23,Puma,4693,10,1,$57
2/6/23,Under Armour,1832,74,2,$22
2/6/23,Mizuno,0,0,0,$0
2/7/23,Nike,11584,531,32,"$1,920"
2/7/23,On Cloud,5134,288,20,$600
2/7/23,Hoka,5636,252,6,$180
2/7/23,Adidas,8729,455,27,$702
2/7/23,New Balance,6737,500,18,$540
2/7/23,Asics,0,0,0,$0
2/7/23,Reebok,1989,81,3,$120
2/7/23,Saucony,0,0,0,$0
2/7/23,Brooks,0,0,0,$0
2/7/23,Altra,0,0,0,$0
2/7/23,Puma,3967,24,1,$50
2/7/23,Under Armour,1828,53,2,$40
2/7/23,Mizuno,0,0,0,$0
2/8/23,Nike,11623,495,35,"$2,100"
2/8/23,On Cloud,4971,169,10,$300
2/8/23,Hoka,5035,169,7,$210
2/8/23,Adidas,8399,384,19,$418
2/8/23,New Balance,6511,629,25,$750
2/8/23,Asics,0,0,0,$0
2/8/23,Reebok,1870,111,3,$129
2/8/23,Saucony,0,0,0,$0
2/8/23,Brooks,0,0,0,$0
2/8/23,Altra,0,0,0,$0
2/8/23,Puma,4241,4,1,$62
2/8/23,Under Armour,1921,55,1,$20
2/8/23,Mizuno,0,0,0,$0
2/9/23,Nike,9886,435,32,"$1,920"
2/9/23,On Cloud,4906,294,20,$600
2/9/23,Hoka,5207,272,7,$210
2/9/23,Adidas,8290,447,27,$891
2/9/23,New Balance,6562,515,19,$570
2/9/23,Asics,0,0,0,$0
2/9/23,Reebok,1238,54,2,$100
2/9/23,Saucony,0,0,0,$0
2/9/23,Brooks,0,0,0,$0
2/9/23,Altra,0,0,0,$0
2/9/23,Puma,4478,25,1,$52
2/9/23,Under Armour,1443,37,1,$16
2/9/23,Mizuno,0,0,0,$0
2/10/23,Nike,9801,387,26,"$1,560"
2/10/23,On Cloud,5532,326,15,$450
2/10/23,Hoka,4750,164,5,$150
2/10/23,Adidas,8270,347,19,$551
2/10/23,New Balance,6385,556,19,$570
2/10/23,Asics,0,0,0,$0
2/10/23,Reebok,1560,92,2,$86
2/10/23,Saucony,0,0,0,$0
2/10/23,Brooks,0,0,0,$0
2/10/23,Altra,0,0,0,$0
2/10/23,Puma,4432,23,1,$59
2/10/23,Under Armour,1910,83,3,$36
2/10/23,Mizuno,0,0,0,$0
2/11/23,Nike,10489,595,43,"$2,580"
2/11/23,On Cloud,4964,241,10,$300
2/11/23,Hoka,4832,265,10,$300
2/11/23,Adidas,8675,392,14,$560
2/11/23,New Balance,5820,463,13,$390
2/11/23,Asics,0,0,0,$0
2/11/23,Reebok,1985,88,3,$120
2/11/23,Saucony,0,0,0,$0
2/11/23,Brooks,0,0,0,$0
2/11/23,Altra,0,0,0,$0
2/11/23,Puma,3704,19,1,$59
2/11/23,Under Armour,1428,64,2,$36
2/11/23,Mizuno,0,0,0,$0
2/12/23,Nike,10656,531,40,"$2,400"
2/12/23,On Cloud,5325,332,23,$690
2/12/23,Hoka,5000,292,9,$270
2/12/23,Adidas,8509,398,18,$522
2/12/23,New Balance,5769,419,15,$450
2/12/23,Asics,0,0,0,$0
2/12/23,Reebok,1402,63,2,$82
2/12/23,Saucony,0,0,0,$0
2/12/23,Brooks,0,0,0,$0
2/12/23,Altra,0,0,0,$0
2/12/23,Puma,4604,65,2,$126
2/12/23,Under Armour,1284,58,1,$10
2/12/23,Mizuno,0,0,0,$0
2/13/23,Nike,10302,495,31,"$1,860"
2/13/23,On Cloud,4726,231,11,$330
2/13/23,Hoka,4866,274,10,$300
2/13/23,Adidas,8752,403,15,$435
2/13/23,New Balance,5854,546,19,$570
2/13/23,Asics,0,0,0,$0
2/13/23,Reebok,1978,115,4,$188
2/13/23,Saucony,0,0,0,$0
2/13/23,Brooks,0,0,0,$0
2/13/23,Altra,0,0,0,$0
2/13/23,Puma,4231,26,1,$58
2/13/23,Under Armour,1305,44,1,$18
2/13/23,Mizuno,0,0,0,$0
2/14/23,Nike,9972,467,32,"$1,920"
2/14/23,On Cloud,5163,227,13,$390
2/14/23,Hoka,4774,251,9,$270
2/14/23,Adidas,8434,399,18,$702
2/14/23,New Balance,6241,439,15,$450
2/14/23,Asics,0,0,0,$0
2/14/23,Reebok,1683,85,3,$129
2/14/23,Saucony,0,0,0,$0
2/14/23,Brooks,0,0,0,$0
2/14/23,Altra,0,0,0,$0
2/14/23,Puma,4402,24,1,$53
2/14/23,Under Armour,1800,71,3,$51
2/14/23,Mizuno,0,0,0,$0
2/15/23,Nike,10967,442,30,"$1,800"
2/15/23,On Cloud,5064,227,11,$330
2/15/23,Hoka,5276,188,5,$150
2/15/23,Adidas,8283,350,21,$672
2/15/23,New Balance,6498,492,20,$600
2/15/23,Asics,0,0,0,$0
2/15/23,Reebok,1211,70,3,$138
2/15/23,Saucony,0,0,0,$0
2/15/23,Brooks,0,0,0,$0
2/15/23,Altra,0,0,0,$0
2/15/23,Puma,4574,14,1,$50
2/15/23,Under Armour,1309,43,1,$10
2/15/23,Mizuno,0,0,0,$0
2/16/23,Nike,9930,549,37,"$2,220"
2/16/23,On Cloud,5656,386,19,$570
2/16/23,Hoka,5526,184,6,$180
2/16/23,Adidas,8120,290,16,$624
2/16/23,New Balance,6268,617,22,$660
2/16/23,Asics,0,0,0,$0
2/16/23,Reebok,1737,79,4,$164
2/16/23,Saucony,0,0,0,$0
2/16/23,Brooks,0,0,0,$0
2/16/23,Altra,0,0,0,$0
2/16/23,Puma,4742,6,1,$65
2/16/23,Under Armour,1626,75,2,$20
2/16/23,Mizuno,0,0,0,$0
2/17/23,Nike,10479,333,27,"$1,620"
2/17/23,On Cloud,5468,291,16,$480
2/17/23,Hoka,5439,184,6,$180
2/17/23,Adidas,8546,411,22,$594
2/17/23,New Balance,6329,510,20,$600
2/17/23,Asics,0,0,0,$0
2/17/23,Reebok,1368,62,2,$96
2/17/23,Saucony,0,0,0,$0
2/17/23,Brooks,0,0,0,$0
2/17/23,Altra,0,0,0,$0
2/17/23,Puma,4429,89,2,$120
2/17/23,Under Armour,1746,66,3,$57
2/17/23,Mizuno,0,0,0,$0
2/18/23,Nike,10103,471,31,"$1,860"
2/18/23,On Cloud,5016,256,11,$330
2/18/23,Hoka,5641,280,7,$210
2/18/23,Adidas,8690,270,9,$252
2/18/23,New Balance,5701,471,13,$390
2/18/23,Asics,0,0,0,$0
2/18/23,Reebok,1980,115,4,$196
2/18/23,Saucony,0,0,0,$0
2/18/23,Brooks,0,0,0,$0
2/18/23,Altra,0,0,0,$0
2/18/23,Puma,4424,16,1,$45
2/18/23,Under Armour,1445,59,3,$39
2/18/23,Mizuno,0,0,0,$0
2/19/23,Nike,11115,478,33,"$1,980"
2/19/23,On Cloud,5067,224,10,$300
2/19/23,Hoka,5466,201,5,$150
2/19/23,Adidas,8561,373,18,$540
2/19/23,New Balance,6086,607,14,$420
2/19/23,Asics,0,0,0,$0
2/19/23,Reebok,1973,102,3,$141
2/19/23,Saucony,0,0,0,$0
2/19/23,Brooks,0,0,0,$0
2/19/23,Altra,0,0,0,$0
2/19/23,Puma,3744,42,1,$53
2/19/23,Under Armour,1289,35,2,$20
2/19/23,Mizuno,0,0,0,$0
2/20/23,Nike,9860,505,40,"$2,400"
2/20/23,On Cloud,5691,378,19,$570
2/20/23,Hoka,5272,284,8,$240
2/20/23,Adidas,8750,284,11,$220
2/20/23,New Balance,6445,642,20,$600
2/20/23,Asics,0,0,0,$0
2/20/23,Reebok,1818,97,3,$138
2/20/23,Saucony,0,0,0,$0
2/20/23,Brooks,0,0,0,$0
2/20/23,Altra,0,0,0,$0
2/20/23,Puma,4228,52,1,$65
2/20/23,Under Armour,1432,49,1,$14
2/20/23,Mizuno,0,0,0,$0
2/21/23,Nike,10745,404,27,"$1,620"
2/21/23,On Cloud,4923,161,8,$240
2/21/23,Hoka,4887,199,8,$240
2/21/23,Adidas,8584,476,16,$416
2/21/23,New Balance,6679,546,16,$480
2/21/23,Asics,0,0,0,$0
2/21/23,Reebok,1410,77,3,$144
2/21/23,Saucony,0,0,0,$0
2/21/23,Brooks,0,0,0,$0
2/21/23,Altra,0,0,0,$0
2/21/23,Puma,4181,54,1,$57
2/21/23,Under Armour,1423,59,3,$51
2/21/23,Mizuno,0,0,0,$0
2/22/23,Nike,9971,402,30,"$1,800"
2/22/23,On Cloud,5244,367,21,$630
2/22/23,Hoka,5330,240,8,$240
2/22/23,Adidas,8283,285,11,$418
2/22/23,New Balance,6061,492,16,$480
2/22/23,Asics,0,0,0,$0
2/22/23,Reebok,2005,86,4,$188
2/22/23,Saucony,0,0,0,$0
2/22/23,Brooks,0,0,0,$0
2/22/23,Altra,0,0,0,$0
2/22/23,Puma,4780,49,1,$48
2/22/23,Under Armour,2061,96,4,$76
2/22/23,Mizuno,0,0,0,$0
2/23/23,Nike,11184,552,34,"$2,040"
2/23/23,On Cloud,4689,310,18,$540
2/23/23,Hoka,5622,226,8,$240
2/23/23,Adidas,8164,402,22,$594
2/23/23,New Balance,5959,465,19,$570
2/23/23,Asics,0,0,0,$0
2/23/23,Reebok,1144,56,2,$86
2/23/23,Saucony,0,0,0,$0
2/23/23,Brooks,0,0,0,$0
2/23/23,Altra,0,0,0,$0
2/23/23,Puma,4789,53,2,$106
2/23/23,Under Armour,1992,56,2,$40
2/23/23,Mizuno,0,0,0,$0
2/24/23,Nike,9695,319,21,"$1,260"
2/24/23,On Cloud,5061,210,9,$270
2/24/23,Hoka,4769,280,7,$210
2/24/23,Adidas,8832,307,10,$260
2/24/23,New Balance,6746,495,17,$510
2/24/23,Asics,0,0,0,$0
2/24/23,Reebok,1465,80,2,$94
2/24/23,Saucony,0,0,0,$0
2/24/23,Brooks,0,0,0,$0
2/24/23,Altra,0,0,0,$0
2/24/23,Puma,4360,34,1,$55
2/24/23,Under Armour,1563,72,2,$26
2/24/23,Mizuno,0,0,0,$0
2/25/23,Nike,10600,593,38,"$2,280"
2/25/23,On Cloud,5307,281,13,$390
2/25/23,Hoka,5141,282,11,$330
2/25/23,Adidas,8096,306,13,$455
2/25/23,New Balance,6256,515,21,$630
2/25/23,Asics,0,0,0,$0
2/25/23,Reebok,1137,63,2,$92
2/25/23,Saucony,0,0,0,$0
2/25/23,Brooks,0,0,0,$0
2/25/23,Altra,0,0,0,$0
2/25/23,Puma,4686,85,3,$195
2/25/23,Under Armour,1945,47,1,$10
2/25/23,Mizuno,0,0,0,$0
2/26/23,Nike,10992,604,38,"$2,280"
2/26/23,On Cloud,5072,161,7,$210
2/26/23,Hoka,5203,281,7,$210
2/26/23,Adidas,8407,328,16,$624
2/26/23,New Balance,6287,614,19,$570
2/26/23,Asics,0,0,0,$0
2/26/23,Reebok,1738,84,2,$86
2/26/23,Saucony,0,0,0,$0
2/26/23,Brooks,0,0,0,$0
2/26/23,Altra,0,0,0,$0
2/26/23,Puma,3990,4,1,$57
2/26/23,Under Armour,1350,66,3,$57
2/26/23,Mizuno,0,0,0,$0
2/27/23,Nike,10733,572,43,"$2,580"
2/27/23,On Cloud,5648,270,13,$390
2/27/23,Hoka,4887,186,4,$120
2/27/23,Adidas,8765,454,26,$780
2/27/23,New Balance,6580,610,23,$690
2/27/23,Asics,0,0,0,$0
2/27/23,Reebok,1502,77,3,$138
2/27/23,Saucony,0,0,0,$0
2/27/23,Brooks,0,0,0,$0
2/27/23,Altra,0,0,0,$0
2/27/23,Puma,4559,89,2,$106
2/27/23,Under Armour,1653,69,1,$14
2/27/23,Mizuno,0,0,0,$0
2/28/23,Nike,10801,391,26,"$1,560"
2/28/23,On Cloud,4777,187,9,$270
2/28/23,Hoka,4866,276,9,$270
2/28/23,Adidas,8332,281,10,$230
2/28/23,New Balance,6369,506,15,$450
2/28/23,Asics,0,0,0,$0
2/28/23,Reebok,1319,57,2,$100
2/28/23,Saucony,0,0,0,$0
2/28/23,Brooks,0,0,0,$0
2/28/23,Altra,0,0,0,$0
2/28/23,Puma,3749,22,1,$56
2/28/23,Under Armour,2019,77,3,$60
2/28/23,Mizuno,0,0,0,$0
3/1/23,Nike,11503,688,50,"$3,000"
3/1/23,On Cloud,4811,170,10,$300
3/1/23,Hoka,5067,254,10,$300
3/1/23,Adidas,8627,427,14,$322
3/1/23,New Balance,5609,410,10,$300
3/1/23,Asics,0,0,0,$0
3/1/23,Reebok,1512,91,4,$164
3/1/23,Saucony,0,0,0,$0
3/1/23,Brooks,0,0,0,$0
3/1/23,Altra,0,0,0,$0
3/1/23,Puma,4538,89,1,$53
3/1/23,Under Armour,1702,36,1,$13
3/1/23,Mizuno,0,0,0,$0
3/2/23,Nike,11478,599,38,"$2,280"
3/2/23,On Cloud,5747,341,16,$480
3/2/23,Hoka,4805,267,6,$180
3/2/23,Adidas,7999,314,17,$561
3/2/23,New Balance,6068,427,16,$480
3/2/23,Asics,0,0,0,$0
3/2/23,Reebok,1205,58,2,$98
3/2/23,Saucony,0,0,0,$0
3/2/23,Brooks,0,0,0,$0
3/2/23,Altra,0,0,0,$0
3/2/23,Puma,4596,29,1,$62
3/2/23,Under Armour,1332,61,2,$34
3/2/23,Mizuno,0,0,0,$0
3/3/23,Nike,9941,348,23,"$1,380"
3/3/23,On Cloud,5694,360,21,$630
3/3/23,Hoka,5788,299,9,$270
3/3/23,Adidas,8816,379,19,$627
3/3/23,New Balance,6333,542,14,$420
3/3/23,Asics,0,0,0,$0
3/3/23,Reebok,1493,64,2,$90
3/3/23,Saucony,0,0,0,$0
3/3/23,Brooks,0,0,0,$0
3/3/23,Altra,0,0,0,$0
3/3/23,Puma,5155,11,1,$61
3/3/23,Under Armour,1464,36,1,$14
3/3/23,Mizuno,0,0,0,$0
3/4/23,Nike,11108,360,26,"$1,560"
3/4/23,On Cloud,5566,193,12,$360
3/4/23,Hoka,5801,200,8,$240
3/4/23,Adidas,8428,315,12,$324
3/4/23,New Balance,5587,470,14,$420
3/4/23,Asics,0,0,0,$0
3/4/23,Reebok,1897,94,4,$196
3/4/23,Saucony,0,0,0,$0
3/4/23,Brooks,0,0,0,$0
3/4/23,Altra,0,0,0,$0
3/4/23,Puma,4473,56,2,$120
3/4/23,Under Armour,1691,50,2,$24
3/4/23,Mizuno,0,0,0,$0
3/5/23,Nike,9950,417,31,"$1,860"
3/5/23,On Cloud,5640,304,19,$570
3/5/23,Hoka,5767,319,7,$210
3/5/23,Adidas,8026,275,14,$420
3/5/23,New Balance,6040,432,14,$420
3/5/23,Asics,0,0,0,$0
3/5/23,Reebok,1611,72,3,$120
3/5/23,Saucony,0,0,0,$0
3/5/23,Brooks,0,0,0,$0
3/5/23,Altra,0,0,0,$0
3/5/23,Puma,3992,55,1,$45
3/5/23,Under Armour,1337,47,1,$13
3/5/23,Mizuno,0,0,0,$0
3/6/23,Nike,10466,346,23,"$1,380"
3/6/23,On Cloud,5417,314,17,$510
3/6/23,Hoka,5108,175,6,$180
3/6/23,Adidas,8642,464,19,$570
3/6/23,New Balance,5960,457,11,$330
3/6/23,Asics,0,0,0,$0
3/6/23,Reebok,1399,75,2,$86
3/6/23,Saucony,0,0,0,$0
3/6/23,Brooks,0,0,0,$0
3/6/23,Altra,0,0,0,$0
3/6/23,Puma,4497,21,1,$64
3/6/23,Under Armour,1893,50,1,$12
3/6/23,Mizuno,0,0,0,$0
3/7/23,Nike,11613,570,41,"$2,460"
3/7/23,On Cloud,5253,337,15,$450
3/7/23,Hoka,5197,304,9,$270
3/7/23,Adidas,8723,460,22,$462
3/7/23,New Balance,5744,487,11,$330
3/7/23,Asics,0,0,0,$0
3/7/23,Reebok,1296,58,3,$120
3/7/23,Saucony,0,0,0,$0
3/7/23,Brooks,0,0,0,$0
3/7/23,Altra,0,0,0,$0
3/7/23,Puma,3983,15,1,$57
3/7/23,Under Armour,1148,28,1,$14
3/7/23,Mizuno,0,0,0,$0
3/8/23,Nike,11765,435,33,"$1,980"
3/8/23,On Cloud,5445,285,20,$600
3/8/23,Hoka,5179,184,6,$180
3/8/23,Adidas,8162,377,19,$589
3/8/23,New Balance,6249,531,16,$480
3/8/23,Asics,0,0,0,$0
3/8/23,Reebok,1887,111,5,$210
3/8/23,Saucony,0,0,0,$0
3/8/23,Brooks,0,0,0,$0
3/8/23,Altra,0,0,0,$0
3/8/23,Puma,4876,95,2,$90
3/8/23,Under Armour,1432,38,2,$30
3/8/23,Mizuno,0,0,0,$0
3/9/23,Nike,10111,518,37,"$2,220"
3/9/23,On Cloud,4790,289,16,$480
3/9/23,Hoka,5068,176,5,$150
3/9/23,Adidas,8792,346,16,$416
3/9/23,New Balance,6216,612,20,$600
3/9/23,Asics,0,0,0,$0
3/9/23,Reebok,1640,85,2,$98
3/9/23,Saucony,0,0,0,$0
3/9/23,Brooks,0,0,0,$0
3/9/23,Altra,0,0,0,$0
3/9/23,Puma,4723,59,2,$98
3/9/23,Under Armour,1800,72,2,$30
3/9/23,Mizuno,0,0,0,$0
3/10/23,Nike,11168,477,35,"$2,100"
3/10/23,On Cloud,5744,229,10,$300
3/10/23,Hoka,5036,236,8,$240
3/10/23,Adidas,8578,445,16,$512
3/10/23,New Balance,6146,462,15,$450
3/10/23,Asics,0,0,0,$0
3/10/23,Reebok,1584,64,3,$147
3/10/23,Saucony,0,0,0,$0
3/10/23,Brooks,0,0,0,$0
3/10/23,Altra,0,0,0,$0
3/10/23,Puma,4033,40,1,$64
3/10/23,Under Armour,1705,78,1,$10
3/10/23,Mizuno,0,0,0,$0
3/11/23,Nike,11332,641,41,"$2,460"
3/11/23,On Cloud,5250,299,18,$540
3/11/23,Hoka,5066,167,4,$120
3/11/23,Adidas,8280,261,14,$546
3/11/23,New Balance,5898,464,15,$450
3/11/23,Asics,0,0,0,$0
3/11/23,Reebok,2015,103,3,$129
3/11/23,Saucony,0,0,0,$0
3/11/23,Brooks,0,0,0,$0
3/11/23,Altra,0,0,0,$0
3/11/23,Puma,4566,25,1,$49
3/11/23,Under Armour,1756,40,2,$36
3/11/23,Mizuno,0,0,0,$0
3/12/23,Nike,11612,565,45,"$2,700"
3/12/23,On Cloud,5270,241,12,$360
3/12/23,Hoka,4893,172,6,$180
3/12/23,Adidas,8081,381,14,$364
3/12/23,New Balance,5991,445,16,$480
3/12/23,Asics,0,0,0,$0
3/12/23,Reebok,1578,86,3,$150
3/12/23,Saucony,0,0,0,$0
3/12/23,Brooks,0,0,0,$0
3/12/23,Altra,0,0,0,$0
3/12/23,Puma,4297,47,2,$100
3/12/23,Under Armour,1476,36,1,$10
3/12/23,Mizuno,0,0,0,$0
3/13/23,Nike,11141,365,27,"$1,620"
3/13/23,On Cloud,4924,202,12,$360
3/13/23,Hoka,5435,235,9,$270
3/13/23,Adidas,8901,292,11,$374
3/13/23,New Balance,5536,503,16,$480
3/13/23,Asics,0,0,0,$0
3/13/23,Reebok,1928,82,2,$100
3/13/23,Saucony,0,0,0,$0
3/13/23,Brooks,0,0,0,$0
3/13/23,Altra,0,0,0,$0
3/13/23,Puma,4083,76,1,$65
3/13/23,Under Armour,1625,46,2,$20
3/13/23,Mizuno,0,0,0,$0
3/14/23,Nike,10151,579,36,"$2,160"
3/14/23,On Cloud,5780,283,18,$540
3/14/23,Hoka,5081,263,7,$210
3/14/23,Adidas,8222,403,20,$620
3/14/23,New Balance,5751,482,17,$510
3/14/23,Asics,0,0,0,$0
3/14/23,Reebok,1437,72,3,$126
3/14/23,Saucony,0,0,0,$0
3/14/23,Brooks,0,0,0,$0
3/14/23,Altra,0,0,0,$0
3/14/23,Puma,5149,57,1,$60
3/14/23,Under Armour,1804,52,1,$16
3/14/23,Mizuno,0,0,0,$0
3/15/23,Nike,10402,440,31,"$1,860"
3/15/23,On Cloud,5102,266,18,$540
3/15/23,Hoka,5089,167,7,$210
3/15/23,Adidas,8853,369,13,$403
3/15/23,New Balance,5542,544,18,$540
3/15/23,Asics,0,0,0,$0
3/15/23,Reebok,1539,90,3,$120
3/15/23,Saucony,0,0,0,$0
3/15/23,Brooks,0,0,0,$0
3/15/23,Altra,0,0,0,$0
3/15/23,Puma,5136,63,1,$45
3/15/23,Under Armour,1284,32,1,$10
3/15/23,Mizuno,0,0,0,$0
3/16/23,Nike,11421,510,34,"$2,040"
3/16/23,On Cloud,5694,206,11,$330
3/16/23,Hoka,5631,194,6,$180
3/16/23,Adidas,8355,437,15,$375
3/16/23,New Balance,5644,509,20,$600
3/16/23,Asics,0,0,0,$0
3/16/23,Reebok,1922,82,2,$94
3/16/23,Saucony,0,0,0,$0
3/16/23,Brooks,0,0,0,$0
3/16/23,Altra,0,0,0,$0
3/16/23,Puma,4651,88,3,$195
3/16/23,Under Armour,1153,46,2,$22
3/16/23,Mizuno,0,0,0,$0
3/17/23,Nike,9871,519,42,"$2,520"
3/17/23,On Cloud,5280,289,19,$570
3/17/23,Hoka,5654,244,10,$300
3/17/23,Adidas,8921,284,12,$432
3/17/23,New Balance,5896,529,19,$570
3/17/23,Asics,0,0,0,$0
3/17/23,Reebok,2036,96,4,$168
3/17/23,Saucony,0,0,0,$0
3/17/23,Brooks,0,0,0,$0
3/17/23,Altra,0,0,0,$0
3/17/23,Puma,4510,77,1,$64
3/17/23,Under Armour,1521,72,3,$30
3/17/23,Mizuno,0,0,0,$0
3/18/23,Nike,10739,373,28,"$1,680"
3/18/23,On Cloud,4848,173,12,$360
3/18/23,Hoka,5305,239,7,$210
3/18/23,Adidas,8480,256,9,$180
3/18/23,New Balance,6342,526,15,$450
3/18/23,Asics,0,0,0,$0
3/18/23,Reebok,1974,94,3,$123
3/18/23,Saucony,0,0,0,$0
3/18/23,Brooks,0,0,0,$0
3/18/23,Altra,0,0,0,$0
3/18/23,Puma,3905,6,1,$50
3/18/23,Under Armour,1791,69,3,$60
3/18/23,Mizuno,0,0,0,$0
3/19/23,Nike,10099,482,32,"$1,920"
3/19/23,On Cloud,5781,257,15,$450
3/19/23,Hoka,5784,206,5,$150
3/19/23,Adidas,8632,501,20,$440
3/19/23,New Balance,5613,510,16,$480
3/19/23,Asics,0,0,0,$0
3/19/23,Reebok,1377,72,3,$144
3/19/23,Saucony,0,0,0,$0
3/19/23,Brooks,0,0,0,$0
3/19/23,Altra,0,0,0,$0
3/19/23,Puma,4895,93,3,$189
3/19/23,Under Armour,1581,52,2,$34
3/19/23,Mizuno,0,0,0,$0
3/20/23,Nike,11977,588,37,"$2,220"
3/20/23,On Cloud,5829,303,21,$630
3/20/23,Hoka,5453,198,5,$150
3/20/23,Adidas,8820,283,11,$396
3/20/23,New Balance,5945,579,13,$390
3/20/23,Asics,0,0,0,$0
3/20/23,Reebok,1582,86,4,$184
3/20/23,Saucony,0,0,0,$0
3/20/23,Brooks,0,0,0,$0
3/20/23,Altra,0,0,0,$0
3/20/23,Puma,4473,23,1,$64
3/20/23,Under Armour,1658,50,2,$20
3/20/23,Mizuno,0,0,0,$0
3/21/23,Nike,9893,328,24,"$1,440"
3/21/23,On Cloud,5233,250,14,$420
3/21/23,Hoka,5675,341,7,$210
3/21/23,Adidas,8030,329,17,$476
3/21/23,New Balance,5510,551,18,$540
3/21/23,Asics,0,0,0,$0
3/21/23,Reebok,1775,87,3,$126
3/21/23,Saucony,0,0,0,$0
3/21/23,Brooks,0,0,0,$0
3/21/23,Altra,0,0,0,$0
3/21/23,Puma,4406,47,1,$63
3/21/23,Under Armour,1158,26,2,$36
3/21/23,Mizuno,0,0,0,$0
3/22/23,Nike,11811,523,34,"$2,040"
3/22/23,On Cloud,4791,299,20,$600
3/22/23,Hoka,5651,284,10,$300
3/22/23,Adidas,8005,410,13,$403
3/22/23,New Balance,6370,481,15,$450
3/22/23,Asics,0,0,0,$0
3/22/23,Reebok,1621,69,3,$138
3/22/23,Saucony,0,0,0,$0
3/22/23,Brooks,0,0,0,$0
3/22/23,Altra,0,0,0,$0
3/22/23,Puma,4076,42,1,$46
3/22/23,Under Armour,1593,41,1,$14
3/22/23,Mizuno,0,0,0,$0
3/23/23,Nike,10424,618,42,"$2,520"
3/23/23,On Cloud,5629,269,18,$540
3/23/23,Hoka,5142,168,4,$120
3/23/23,Adidas,8777,318,19,$494
3/23/23,New Balance,5698,411,11,$330
3/23/23,Asics,0,0,0,$0
3/23/23,Reebok,1580,64,2,$100
3/23/23,Saucony,0,0,0,$0
3/23/23,Brooks,0,0,0,$0
3/23/23,Altra,0,0,0,$0
3/23/23,Puma,4042,77,2,$110
3/23/23,Under Armour,1794,42,2,$38
3/23/23,Mizuno,0,0,0,$0
3/24/23,Nike,10682,441,33,"$1,980"
3/24/23,On Cloud,5638,384,27,$810
3/24/23,Hoka,5775,332,12,$360
3/24/23,Adidas,8269,462,17,$663
3/24/23,New Balance,5935,472,13,$390
3/24/23,Asics,0,0,0,$0
3/24/23,Reebok,1687,90,2,$96
3/24/23,Saucony,0,0,0,$0
3/24/23,Brooks,0,0,0,$0
3/24/23,Altra,0,0,0,$0
3/24/23,Puma,4802,82,2,$98
3/24/23,Under Armour,1382,41,1,$15
3/24/23,Mizuno,0,0,0,$0
3/25/23,Nike,11188,495,36,"$2,160"
3/25/23,On Cloud,5707,269,16,$480
3/25/23,Hoka,5511,247,9,$270
3/25/23,Adidas,8450,291,16,$368
3/25/23,New Balance,5713,481,17,$510
3/25/23,Asics,0,0,0,$0
3/25/23,Reebok,2023,83,3,$129
3/25/23,Saucony,0,0,0,$0
3/25/23,Brooks,0,0,0,$0
3/25/23,Altra,0,0,0,$0
3/25/23,Puma,4393,19,1,$46
3/25/23,Under Armour,1252,37,2,$26
3/25/23,Mizuno,0,0,0,$0
3/26/23,Nike,11916,564,44,"$2,640"
3/26/23,On Cloud,5759,270,19,$570
3/26/23,Hoka,5828,323,10,$300
3/26/23,Adidas,8149,277,13,$468
3/26/23,New Balance,6550,636,25,$750
3/26/23,Asics,0,0,0,$0
3/26/23,Reebok,1182,64,2,$80
3/26/23,Saucony,0,0,0,$0
3/26/23,Brooks,0,0,0,$0
3/26/23,Altra,0,0,0,$0
3/26/23,Puma,5021,5,1,$56
3/26/23,Under Armour,1484,56,1,$12
3/26/23,Mizuno,0,0,0,$0
3/27/23,Nike,11797,689,44,"$2,640"
3/27/23,On Cloud,5041,235,12,$360
3/27/23,Hoka,4969,238,9,$270
3/27/23,Adidas,8376,323,12,$444
3/27/23,New Balance,5686,437,16,$480
3/27/23,Asics,0,0,0,$0
3/27/23,Reebok,1293,66,3,$138
3/27/23,Saucony,0,0,0,$0
3/27/23,Brooks,0,0,0,$0
3/27/23,Altra,0,0,0,$0
3/27/23,Puma,4352,8,1,$59
3/27/23,Under Armour,1794,84,2,$32
3/27/23,Mizuno,0,0,0,$0
3/28/23,Nike,11491,367,24,"$1,440"
3/28/23,On Cloud,5740,219,11,$330
3/28/23,Hoka,4825,237,6,$180
3/28/23,Adidas,8372,372,23,$736
3/28/23,New Balance,5507,404,10,$300
3/28/23,Asics,0,0,0,$0
3/28/23,Reebok,1673,81,3,$144
3/28/23,Saucony,0,0,0,$0
3/28/23,Brooks,0,0,0,$0
3/28/23,Altra,0,0,0,$0
3/28/23,Puma,4768,56,1,$57
3/28/23,Under Armour,1866,79,2,$40
3/28/23,Mizuno,0,0,0,$0
3/29/23,Nike,10080,394,32,"$1,920"
3/29/23,On Cloud,5813,303,18,$540
3/29/23,Hoka,5139,240,8,$240
3/29/23,Adidas,8437,263,15,$420
3/29/23,New Balance,6163,573,19,$570
3/29/23,Asics,0,0,0,$0
3/29/23,Reebok,1300,78,3,$120
3/29/23,Saucony,0,0,0,$0
3/29/23,Brooks,0,0,0,$0
3/29/23,Altra,0,0,0,$0
3/29/23,Puma,4021,23,1,$55
3/29/23,Under Armour,1192,36,2,$32
3/29/23,Mizuno,0,0,0,$0
3/30/23,Nike,10808,552,38,"$2,280"
3/30/23,On Cloud,5348,207,10,$300
3/30/23,Hoka,5107,265,7,$210
3/30/23,Adidas,8890,495,18,$648
3/30/23,New Balance,5550,480,11,$330
3/30/23,Asics,0,0,0,$0
3/30/23,Reebok,1698,85,4,$180
3/30/23,Saucony,0,0,0,$0
3/30/23,Brooks,0,0,0,$0
3/30/23,Altra,0,0,0,$0
3/30/23,Puma,5080,80,2,$94
3/30/23,Under Armour,1807,72,3,$54
3/30/23,Mizuno,0,0,0,$0
3/31/23,Nike,10701,343,25,"$1,500"
3/31/23,On Cloud,5080,276,12,$360
3/31/23,Hoka,4966,271,10,$300
3/31/23,Adidas,8267,489,18,$576
3/31/23,New Balance,5929,575,13,$390
3/31/23,Asics,0,0,0,$0
3/31/23,Reebok,1427,68,2,$96
3/31/23,Saucony,0,0,0,$0
3/31/23,Brooks,0,0,0,$0
3/31/23,Altra,0,0,0,$0
3/31/23,Puma,4046,19,1,$45
3/31/23,Under Armour,1221,40,1,$20
3/31/23,Mizuno,0,0,0,$0
4/1/23,Nike,10623,527,42,"$2,520"
4/1/23,On Cloud,5641,321,16,$480
4/1/23,Hoka,5168,298,7,$210
4/1/23,Adidas,9029,450,17,$646
4/1/23,New Balance,5873,581,16,$480
4/1/23,Asics,0,0,0,$0
4/1/23,Reebok,1535,81,3,$126
4/1/23,Saucony,0,0,0,$0
4/1/23,Brooks,0,0,0,$0
4/1/23,Altra,0,0,0,$0
4/1/23,Puma,4915,62,2,$126
4/1/23,Under Armour,1242,54,2,$24
4/1/23,Mizuno,0,0,0,$0
4/2/23,Nike,10451,517,34,"$2,040"
4/2/23,On Cloud,5588,227,11,$330
4/2/23,Hoka,5887,245,8,$240
4/2/23,Adidas,8416,298,14,$280
4/2/23,New Balance,5749,444,11,$330
4/2/23,Asics,0,0,0,$0
4/2/23,Reebok,1805,82,4,$176
4/2/23,Saucony,0,0,0,$0
4/2/23,Brooks,0,0,0,$0
4/2/23,Altra,0,0,0,$0
4/2/23,Puma,4395,38,1,$63
4/2/23,Under Armour,1689,56,2,$20
4/2/23,Mizuno,0,0,0,$0
4/3/23,Nike,11334,544,36,"$2,160"
4/3/23,On Cloud,4945,173,7,$210
4/3/23,Hoka,5584,220,8,$240
4/3/23,Adidas,8901,528,31,"$1,054"
4/3/23,New Balance,5476,421,13,$390
4/3/23,Asics,0,0,0,$0
4/3/23,Reebok,1884,113,3,$123
4/3/23,Saucony,0,0,0,$0
4/3/23,Brooks,0,0,0,$0
4/3/23,Altra,0,0,0,$0
4/3/23,Puma,5417,88,1,$64
4/3/23,Under Armour,1665,76,2,$34
4/3/23,Mizuno,0,0,0,$0
4/4/23,Nike,11512,684,52,"$3,120"
4/4/23,On Cloud,5695,397,26,$780
4/4/23,Hoka,5647,187,5,$150
4/4/23,Adidas,8843,485,27,$810
4/4/23,New Balance,5622,508,20,$600
4/4/23,Asics,0,0,0,$0
4/4/23,Reebok,2222,100,4,$188
4/4/23,Saucony,0,0,0,$0
4/4/23,Brooks,0,0,0,$0
4/4/23,Altra,0,0,0,$0
4/4/23,Puma,4365,32,1,$49
4/4/23,Under Armour,1238,35,1,$14
4/4/23,Mizuno,0,0,0,$0
4/5/23,Nike,11215,372,24,"$1,440"
4/5/23,On Cloud,5174,284,15,$450
4/5/23,Hoka,5230,166,6,$180
4/5/23,Adidas,8761,271,15,$540
4/5/23,New Balance,5792,477,19,$570
4/5/23,Asics,0,0,0,$0
4/5/23,Reebok,1561,82,2,$80
4/5/23,Saucony,0,0,0,$0
4/5/23,Brooks,0,0,0,$0
4/5/23,Altra,0,0,0,$0
4/5/23,Puma,4868,54,1,$55
4/5/23,Under Armour,1676,41,1,$18
4/5/23,Mizuno,0,0,0,$0
4/6/23,Nike,10475,460,34,"$2,040"
4/6/23,On Cloud,4943,309,17,$510
4/6/23,Hoka,5112,237,8,$240
4/6/23,Adidas,8643,368,12,$456
4/6/23,New Balance,5815,573,15,$450
4/6/23,Asics,0,0,0,$0
4/6/23,Reebok,1715,81,2,$100
4/6/23,Saucony,0,0,0,$0
4/6/23,Brooks,0,0,0,$0
4/6/23,Altra,0,0,0,$0
4/6/23,Puma,4788,2,1,$48
4/6/23,Under Armour,1194,54,2,$38
4/6/23,Mizuno,0,0,0,$0
4/7/23,Nike,11708,476,37,"$2,220"
4/7/23,On Cloud,5674,393,19,$570
4/7/23,Hoka,5278,205,6,$180
4/7/23,Adidas,8910,517,27,$729
4/7/23,New Balance,5459,393,9,$270
4/7/23,Asics,0,0,0,$0
4/7/23,Reebok,1581,82,3,$129
4/7/23,Saucony,0,0,0,$0
4/7/23,Brooks,0,0,0,$0
4/7/23,Altra,0,0,0,$0
4/7/23,Puma,5186,5,1,$62
4/7/23,Under Armour,1200,31,1,$20
4/7/23,Mizuno,0,0,0,$0
4/8/23,Nike,11415,481,38,"$2,280"
4/8/23,On Cloud,5250,223,14,$420
4/8/23,Hoka,4949,205,6,$180
4/8/23,Adidas,8200,366,18,$414
4/8/23,New Balance,5504,395,14,$420
4/8/23,Asics,0,0,0,$0
4/8/23,Reebok,1251,51,2,$86
4/8/23,Saucony,0,0,0,$0
4/8/23,Brooks,0,0,0,$0
4/8/23,Altra,0,0,0,$0
4/8/23,Puma,5403,104,1,$54
4/8/23,Under Armour,1378,35,2,$36
4/8/23,Mizuno,0,0,0,$0
4/9/23,Nike,11995,658,47,"$2,820"
4/9/23,On Cloud,4929,291,15,$450
4/9/23,Hoka,5196,216,8,$240
4/9/23,Adidas,9045,330,12,$384
4/9/23,New Balance,5866,512,14,$420
4/9/23,Asics,0,0,0,$0
4/9/23,Reebok,2164,116,4,$168
4/9/23,Saucony,0,0,0,$0
4/9/23,Brooks,0,0,0,$0
4/9/23,Altra,0,0,0,$0
4/9/23,Puma,5568,21,1,$61
4/9/23,Under Armour,1391,40,1,$16
4/9/23,Mizuno,0,0,0,$0
4/10/23,Nike,11432,424,34,"$2,040"
4/10/23,On Cloud,5091,219,10,$300
4/10/23,Hoka,5778,269,11,$330
4/10/23,Adidas,8186,398,20,$680
4/10/23,New Balance,6326,534,13,$390
4/10/23,Asics,0,0,0,$0
4/10/23,Reebok,2072,92,3,$135
4/10/23,Saucony,0,0,0,$0
4/10/23,Brooks,0,0,0,$0
4/10/23,Altra,0,0,0,$0
4/10/23,Puma,5180,41,1,$50
4/10/23,Under Armour,1554,70,2,$20
4/10/23,Mizuno,0,0,0,$0
4/11/23,Nike,10163,404,30,"$1,800"
4/11/23,On Cloud,4906,262,14,$420
4/11/23,Hoka,5923,234,7,$210
4/11/23,Adidas,8919,472,15,$570
4/11/23,New Balance,5787,557,19,$570
4/11/23,Asics,0,0,0,$0
4/11/23,Reebok,1272,71,2,$96
4/11/23,Saucony,0,0,0,$0
4/11/23,Brooks,0,0,0,$0
4/11/23,Altra,0,0,0,$0
4/11/23,Puma,5492,104,3,$189
4/11/23,Under Armour,1588,59,2,$26
4/11/23,Mizuno,0,0,0,$0
4/12/23,Nike,10254,606,37,"$2,220"
4/12/23,On Cloud,5880,340,15,$450
4/12/23,Hoka,5876,257,7,$210
4/12/23,Adidas,8951,469,20,$520
4/12/23,New Balance,6173,437,14,$420
4/12/23,Asics,0,0,0,$0
4/12/23,Reebok,1318,74,2,$94
4/12/23,Saucony,0,0,0,$0
4/12/23,Brooks,0,0,0,$0
4/12/23,Altra,0,0,0,$0
4/12/23,Puma,4224,7,1,$45
4/12/23,Under Armour,1682,50,2,$38
4/12/23,Mizuno,0,0,0,$0
4/13/23,Nike,11672,554,44,"$2,640"
4/13/23,On Cloud,4860,169,11,$330
4/13/23,Hoka,5433,270,8,$240
4/13/23,Adidas,8685,352,12,$348
4/13/23,New Balance,6083,431,16,$480
4/13/23,Asics,0,0,0,$0
4/13/23,Reebok,1989,80,3,$126
4/13/23,Saucony,0,0,0,$0
4/13/23,Brooks,0,0,0,$0
4/13/23,Altra,0,0,0,$0
4/13/23,Puma,4232,5,1,$50
4/13/23,Under Armour,1156,54,3,$54
4/13/23,Mizuno,0,0,0,$0
4/14/23,Nike,11043,576,41,"$2,460"
4/14/23,On Cloud,5438,367,26,$780
4/14/23,Hoka,5553,287,10,$300
4/14/23,Adidas,8175,469,19,$380
4/14/23,New Balance,5544,470,12,$360
4/14/23,Asics,0,0,0,$0
4/14/23,Reebok,1732,89,4,$196
4/14/23,Saucony,0,0,0,$0
4/14/23,Brooks,0,0,0,$0
4/14/23,Altra,0,0,0,$0
4/14/23,Puma,5113,33,1,$57
4/14/23,Under Armour,1310,50,2,$26
4/14/23,Mizuno,0,0,0,$0
4/15/23,Nike,11769,574,41,"$2,460"
4/15/23,On Cloud,5292,241,14,$420
4/15/23,Hoka,5435,296,7,$210
4/15/23,Adidas,8860,509,18,$540
4/15/23,New Balance,5782,432,17,$510
4/15/23,Asics,0,0,0,$0
4/15/23,Reebok,1487,81,3,$144
4/15/23,Saucony,0,0,0,$0
4/15/23,Brooks,0,0,0,$0
4/15/23,Altra,0,0,0,$0
4/15/23,Puma,4316,37,1,$48
4/15/23,Under Armour,1476,74,2,$34
4/15/23,Mizuno,0,0,0,$0
4/16/23,Nike,11319,638,40,"$2,400"
4/16/23,On Cloud,5901,399,26,$780
4/16/23,Hoka,5081,201,8,$240
4/16/23,Adidas,8748,486,17,$425
4/16/23,New Balance,6282,587,21,$630
4/16/23,Asics,0,0,0,$0
4/16/23,Reebok,2005,99,3,$123
4/16/23,Saucony,0,0,0,$0
4/16/23,Brooks,0,0,0,$0
4/16/23,Altra,0,0,0,$0
4/16/23,Puma,5384,26,1,$60
4/16/23,Under Armour,1353,61,1,$12
4/16/23,Mizuno,0,0,0,$0
4/17/23,Nike,11984,671,54,"$3,240"
4/17/23,On Cloud,5777,293,14,$420
4/17/23,Hoka,4862,258,8,$240
4/17/23,Adidas,8958,315,13,$416
4/17/23,New Balance,5357,528,21,$630
4/17/23,Asics,0,0,0,$0
4/17/23,Reebok,1326,78,3,$147
4/17/23,Saucony,0,0,0,$0
4/17/23,Brooks,0,0,0,$0
4/17/23,Altra,0,0,0,$0
4/17/23,Puma,4857,48,1,$47
4/17/23,Under Armour,1064,34,2,$34
4/17/23,Mizuno,0,0,0,$0
4/18/23,Nike,10731,562,40,"$2,400"
4/18/23,On Cloud,5890,226,12,$360
4/18/23,Hoka,5864,234,7,$210
4/18/23,Adidas,8276,301,18,$450
4/18/23,New Balance,5709,495,12,$360
4/18/23,Asics,0,0,0,$0
4/18/23,Reebok,1301,54,2,$92
4/18/23,Saucony,0,0,0,$0
4/18/23,Brooks,0,0,0,$0
4/18/23,Altra,0,0,0,$0
4/18/23,Puma,4511,59,1,$61
4/18/23,Under Armour,1572,53,2,$26
4/18/23,Mizuno,0,0,0,$0
4/19/23,Nike,11088,414,33,"$1,980"
4/19/23,On Cloud,5136,289,12,$360
4/19/23,Hoka,5577,297,9,$270
4/19/23,Adidas,8911,495,22,$550
4/19/23,New Balance,6031,463,11,$330
4/19/23,Asics,0,0,0,$0
4/19/23,Reebok,1451,68,2,$80
4/19/23,Saucony,0,0,0,$0
4/19/23,Brooks,0,0,0,$0
4/19/23,Altra,0,0,0,$0
4/19/23,Puma,4424,36,1,$65
4/19/23,Under Armour,1589,58,2,$26
4/19/23,Mizuno,0,0,0,$0
4/20/23,Nike,11703,381,27,"$1,620"
4/20/23,On Cloud,5287,168,10,$300
4/20/23,Hoka,5358,312,10,$300
4/20/23,Adidas,9042,338,15,$540
4/20/23,New Balance,5281,505,12,$360
4/20/23,Asics,0,0,0,$0
4/20/23,Reebok,1820,102,4,$200
4/20/23,Saucony,0,0,0,$0
4/20/23,Brooks,0,0,0,$0
4/20/23,Altra,0,0,0,$0
4/20/23,Puma,5597,20,1,$65
4/20/23,Under Armour,1032,34,1,$15
4/20/23,Mizuno,0,0,0,$0
4/21/23,Nike,10692,440,34,"$2,040"
4/21/23,On Cloud,5032,325,16,$480
4/21/23,Hoka,5670,289,7,$210
4/21/23,Adidas,8707,501,23,$897
4/21/23,New Balance,5540,478,13,$390
4/21/23,Asics,0,0,0,$0
4/21/23,Reebok,1391,68,2,$100
4/21/23,Saucony,0,0,0,$0
4/21/23,Brooks,0,0,0,$0
4/21/23,Altra,0,0,0,$0
4/21/23,Puma,5578,19,1,$54
4/21/23,Under Armour,1281,48,2,$38
4/21/23,Mizuno,0,0,0,$0
4/22/23,Nike,10606,583,40,"$2,400"
4/22/23,On Cloud,5892,204,14,$420
4/22/23,Hoka,5696,196,6,$180
4/22/23,Adidas,8382,271,11,$220
4/22/23,New Balance,6194,585,19,$570
4/22/23,Asics,0,0,0,$0
4/22/23,Reebok,1673,68,3,$141
4/22/23,Saucony,0,0,0,$0
4/22/23,Brooks,0,0,0,$0
4/22/23,Altra,0,0,0,$0
4/22/23,Puma,5054,23,1,$50
4/22/23,Under Armour,1157,29,1,$15
4/22/23,Mizuno,0,0,0,$0
4/23/23,Nike,10612,326,23,"$1,380"
4/23/23,On Cloud,5200,301,17,$510
4/23/23,Hoka,5396,289,7,$210
4/23/23,Adidas,8621,296,9,$261
4/23/23,New Balance,5720,423,17,$510
4/23/23,Asics,0,0,0,$0
4/23/23,Reebok,1964,104,4,$180
4/23/23,Saucony,0,0,0,$0
4/23/23,Brooks,0,0,0,$0
4/23/23,Altra,0,0,0,$0
4/23/23,Puma,5309,74,2,$126
4/23/23,Under Armour,1118,43,1,$17
4/23/23,Mizuno,0,0,0,$0
4/24/23,Nike,11409,562,45,"$2,700"
4/24/23,On Cloud,5131,244,12,$360
4/24/23,Hoka,4967,230,8,$240
4/24/23,Adidas,8550,506,21,$588
4/24/23,New Balance,5381,498,20,$600
4/24/23,Asics,0,0,0,$0
4/24/23,Reebok,1311,61,3,$120
4/24/23,Saucony,0,0,0,$0
4/24/23,Brooks,0,0,0,$0
4/24/23,Altra,0,0,0,$0
4/24/23,Puma,5375,5,1,$48
4/24/23,Under Armour,1370,64,2,$36
4/24/23,Mizuno,0,0,0,$0
4/25/23,Nike,11576,361,22,"$1,320"
4/25/23,On Cloud,5766,184,12,$360
4/25/23,Hoka,5560,297,12,$360
4/25/23,Adidas,9155,422,19,$684
4/25/23,New Balance,5715,462,11,$330
4/25/23,Asics,0,0,0,$0
4/25/23,Reebok,2223,102,3,$129
4/25/23,Saucony,0,0,0,$0
4/25/23,Brooks,0,0,0,$0
4/25/23,Altra,0,0,0,$0
4/25/23,Puma,5212,17,1,$59
4/25/23,Under Armour,1247,45,1,$10
4/25/23,Mizuno,0,0,0,$0
4/26/23,Nike,11526,594,40,"$2,400"
4/26/23,On Cloud,4970,257,18,$540
4/26/23,Hoka,5341,265,6,$180
4/26/23,Adidas,8776,292,18,$504
4/26/23,New Balance,5416,541,18,$540
4/26/23,Asics,0,0,0,$0
4/26/23,Reebok,2084,120,4,$160
4/26/23,Saucony,0,0,0,$0
4/26/23,Brooks,0,0,0,$0
4/26/23,Altra,0,0,0,$0
4/26/23,Puma,4774,34,1,$60
4/26/23,Under Armour,1551,42,1,$12
4/26/23,Mizuno,0,0,0,$0
4/27/23,Nike,10086,458,31,"$1,860"
4/27/23,On Cloud,5910,257,18,$540
4/27/23,Hoka,5684,252,8,$240
4/27/23,Adidas,8226,409,16,$576
4/27/23,New Balance,5597,399,9,$270
4/27/23,Asics,0,0,0,$0
4/27/23,Reebok,1393,63,2,$80
4/27/23,Saucony,0,0,0,$0
4/27/23,Brooks,0,0,0,$0
4/27/23,Altra,0,0,0,$0
4/27/23,Puma,5534,44,2,$108
4/27/23,Under Armour,1554,48,2,$40
4/27/23,Mizuno,0,0,0,$0
4/28/23,Nike,11197,466,29,"$1,740"
4/28/23,On Cloud,5345,238,14,$420
4/28/23,Hoka,5637,292,12,$360
4/28/23,Adidas,8870,505,17,$578
4/28/23,New Balance,6220,523,15,$450
4/28/23,Asics,0,0,0,$0
4/28/23,Reebok,1756,71,2,$100
4/28/23,Saucony,0,0,0,$0
4/28/23,Brooks,0,0,0,$0
4/28/23,Altra,0,0,0,$0
4/28/23,Puma,5139,30,1,$53
4/28/23,Under Armour,1238,57,2,$22
4/28/23,Mizuno,0,0,0,$0
4/29/23,Nike,11949,416,31,"$1,860"
4/29/23,On Cloud,5330,349,23,$690
4/29/23,Hoka,5473,225,8,$240
4/29/23,Adidas,8910,449,24,$696
4/29/23,New Balance,5702,434,13,$390
4/29/23,Asics,0,0,0,$0
4/29/23,Reebok,1827,107,4,$184
4/29/23,Saucony,0,0,0,$0
4/29/23,Brooks,0,0,0,$0
4/29/23,Altra,0,0,0,$0
4/29/23,Puma,4362,80,3,$189
4/29/23,Under Armour,1357,68,2,$40
4/29/23,Mizuno,0,0,0,$0
4/30/23,Nike,10112,501,35,"$2,100"
4/30/23,On Cloud,4943,251,12,$360
4/30/23,Hoka,5502,284,6,$180
4/30/23,Adidas,8767,477,16,$448
4/30/23,New Balance,5908,515,17,$510
4/30/23,Asics,0,0,0,$0
4/30/23,Reebok,1270,76,3,$129
4/30/23,Saucony,0,0,0,$0
4/30/23,Brooks,0,0,0,$0
4/30/23,Altra,0,0,0,$0
4/30/23,Puma,5288,61,1,$64
4/30/23,Under Armour,1390,31,1,$13
4/30/23,Mizuno,0,0,0,$0
5/1/23,Nike,11250,593,37,"$2,220"
5/1/23,On Cloud,5144,334,18,$540
5/1/23,Hoka,5743,270,7,$210
5/1/23,Adidas,8978,501,21,$756
5/1/23,New Balance,5805,539,16,$480
5/1/23,Asics,0,0,0,$0
5/1/23,Reebok,1331,62,3,$141
5/1/23,Saucony,0,0,0,$0
5/1/23,Brooks,0,0,0,$0
5/1/23,Altra,0,0,0,$0
5/1/23,Puma,4682,28,1,$53
5/1/23,Under Armour,1061,45,2,$26
5/1/23,Mizuno,0,0,0,$0
5/2/23,Nike,11914,578,43,"$2,580"
5/2/23,On Cloud,5188,210,10,$300
5/2/23,Hoka,5674,183,5,$150
5/2/23,Adidas,8701,461,24,$912
5/2/23,New Balance,6063,513,11,$330
5/2/23,Asics,0,0,0,$0
5/2/23,Reebok,1472,61,2,$94
5/2/23,Saucony,0,0,0,$0
5/2/23,Brooks,0,0,0,$0
5/2/23,Altra,0,0,0,$0
5/2/23,Puma,4551,78,2,$104
5/2/23,Under Armour,1126,39,1,$15
5/2/23,Mizuno,0,0,0,$0
5/3/23,Nike,10462,598,45,"$2,700"
5/3/23,On Cloud,4956,278,12,$360
5/3/23,Hoka,5698,290,12,$360
5/3/23,Adidas,8997,536,22,$858
5/3/23,New Balance,6069,547,20,$600
5/3/23,Asics,0,0,0,$0
5/3/23,Reebok,1517,85,3,$126
5/3/23,Saucony,0,0,0,$0
5/3/23,Brooks,0,0,0,$0
5/3/23,Altra,0,0,0,$0
5/3/23,Puma,5577,100,1,$50
5/3/23,Under Armour,1042,47,1,$19
5/3/23,Mizuno,0,0,0,$0
5/4/23,Nike,11518,640,48,"$2,880"
5/4/23,On Cloud,6038,288,20,$600
5/4/23,Hoka,5442,320,7,$210
5/4/23,Adidas,9000,347,14,$462
5/4/23,New Balance,5489,430,13,$390
5/4/23,Asics,0,0,0,$0
5/4/23,Reebok,2241,95,4,$180
5/4/23,Saucony,0,0,0,$0
5/4/23,Brooks,0,0,0,$0
5/4/23,Altra,0,0,0,$0
5/4/23,Puma,4842,27,1,$48
5/4/23,Under Armour,1120,46,1,$16
5/4/23,Mizuno,0,0,0,$0
5/5/23,Nike,12649,494,40,"$2,400"
5/5/23,On Cloud,5446,309,17,$510
5/5/23,Hoka,5264,265,10,$300
5/5/23,Adidas,9092,326,15,$600
5/5/23,New Balance,5627,444,18,$540
5/5/23,Asics,0,0,0,$0
5/5/23,Reebok,2012,116,4,$176
5/5/23,Saucony,0,0,0,$0
5/5/23,Brooks,0,0,0,$0
5/5/23,Altra,0,0,0,$0
5/5/23,Puma,5256,58,2,$96
5/5/23,Under Armour,1309,46,2,$26
5/5/23,Mizuno,0,0,0,$0
5/6/23,Nike,11773,683,51,"$3,060"
5/6/23,On Cloud,5496,254,17,$510
5/6/23,Hoka,5070,171,5,$150
5/6/23,Adidas,8617,412,16,$624
5/6/23,New Balance,5187,383,11,$330
5/6/23,Asics,0,0,0,$0
5/6/23,Reebok,1643,86,3,$120
5/6/23,Saucony,0,0,0,$0
5/6/23,Brooks,0,0,0,$0
5/6/23,Altra,0,0,0,$0
5/6/23,Puma,5774,75,1,$48
5/6/23,Under Armour,944,41,2,$36
5/6/23,Mizuno,0,0,0,$0
5/7/23,Nike,11009,569,40,"$2,400"
5/7/23,On Cloud,5116,263,17,$510
5/7/23,Hoka,5397,265,6,$180
5/7/23,Adidas,8869,523,18,$540
5/7/23,New Balance,5673,558,21,$630
5/7/23,Asics,0,0,0,$0
5/7/23,Reebok,1316,57,3,$120
5/7/23,Saucony,0,0,0,$0
5/7/23,Brooks,0,0,0,$0
5/7/23,Altra,0,0,0,$0
5/7/23,Puma,4725,81,3,$192
5/7/23,Under Armour,1280,45,2,$22
5/7/23,Mizuno,0,0,0,$0
5/8/23,Nike,11336,425,31,"$1,860"
5/8/23,On Cloud,5871,404,26,$780
5/8/23,Hoka,5614,296,7,$210
5/8/23,Adidas,8461,421,15,$450
5/8/23,New Balance,5754,556,12,$360
5/8/23,Asics,0,0,0,$0
5/8/23,Reebok,1686,74,3,$129
5/8/23,Saucony,0,0,0,$0
5/8/23,Brooks,0,0,0,$0
5/8/23,Altra,0,0,0,$0
5/8/23,Puma,4724,3,1,$64
5/8/23,Under Armour,1229,36,2,$30
5/8/23,Mizuno,0,0,0,$0
5/9/23,Nike,11613,427,34,"$2,040"
5/9/23,On Cloud,5916,392,23,$690
5/9/23,Hoka,5737,293,7,$210
5/9/23,Adidas,8932,330,16,$320
5/9/23,New Balance,6119,597,14,$420
5/9/23,Asics,0,0,0,$0
5/9/23,Reebok,1928,92,3,$120
5/9/23,Saucony,0,0,0,$0
5/9/23,Brooks,0,0,0,$0
5/9/23,Altra,0,0,0,$0
5/9/23,Puma,4767,79,1,$53
5/9/23,Under Armour,1364,43,2,$36
5/9/23,Mizuno,0,0,0,$0
5/10/23,Nike,12490,486,38,"$2,280"
5/10/23,On Cloud,5865,344,15,$450
5/10/23,Hoka,5629,200,5,$150
5/10/23,Adidas,8660,399,16,$480
5/10/23,New Balance,5347,385,12,$360
5/10/23,Asics,0,0,0,$0
5/10/23,Reebok,2172,102,4,$196
5/10/23,Saucony,0,0,0,$0
5/10/23,Brooks,0,0,0,$0
5/10/23,Altra,0,0,0,$0
5/10/23,Puma,4875,89,1,$64
5/10/23,Under Armour,927,31,1,$14
5/10/23,Mizuno,0,0,0,$0
5/11/23,Nike,10662,380,30,"$1,800"
5/11/23,On Cloud,5733,379,17,$510
5/11/23,Hoka,5430,290,9,$270
5/11/23,Adidas,9241,330,15,$540
5/11/23,New Balance,5481,450,16,$480
5/11/23,Asics,0,0,0,$0
5/11/23,Reebok,1724,97,4,$168
5/11/23,Saucony,0,0,0,$0
5/11/23,Brooks,0,0,0,$0
5/11/23,Altra,0,0,0,$0
5/11/23,Puma,5510,60,2,$122
5/11/23,Under Armour,1255,29,1,$13
5/11/23,Mizuno,0,0,0,$0
5/12/23,Nike,10642,505,37,"$2,220"
5/12/23,On Cloud,5955,412,27,$810
5/12/23,Hoka,5788,320,13,$390
5/12/23,Adidas,8920,335,18,$450
5/12/23,New Balance,5151,449,11,$330
5/12/23,Asics,0,0,0,$0
5/12/23,Reebok,1373,73,3,$126
5/12/23,Saucony,0,0,0,$0
5/12/23,Brooks,0,0,0,$0
5/12/23,Altra,0,0,0,$0
5/12/23,Puma,4601,72,1,$52
5/12/23,Under Armour,1459,38,1,$12
5/12/23,Mizuno,0,0,0,$0
5/13/23,Nike,12136,539,43,"$2,580"
5/13/23,On Cloud,5760,251,11,$330
5/13/23,Hoka,5392,191,7,$210
5/13/23,Adidas,8461,257,12,$240
5/13/23,New Balance,5835,501,13,$390
5/13/23,Asics,0,0,0,$0
5/13/23,Reebok,1875,88,3,$150
5/13/23,Saucony,0,0,0,$0
5/13/23,Brooks,0,0,0,$0
5/13/23,Altra,0,0,0,$0
5/13/23,Puma,5006,75,1,$52
5/13/23,Under Armour,1344,36,1,$19
5/13/23,Mizuno,0,0,0,$0
5/14/23,Nike,11817,560,39,"$2,340"
5/14/23,On Cloud,5261,166,12,$360
5/14/23,Hoka,6023,257,6,$180
5/14/23,Adidas,8895,272,17,$527
5/14/23,New Balance,5695,437,14,$420
5/14/23,Asics,0,0,0,$0
5/14/23,Reebok,2235,95,2,$82
5/14/23,Saucony,0,0,0,$0
5/14/23,Brooks,0,0,0,$0
5/14/23,Altra,0,0,0,$0
5/14/23,Puma,5382,35,1,$60
5/14/23,Under Armour,1279,56,2,$34
5/14/23,Mizuno,0,0,0,$0
5/15/23,Nike,11683,368,26,"$1,560"
5/15/23,On Cloud,5277,184,11,$330
5/15/23,Hoka,5807,210,6,$180
5/15/23,Adidas,8737,376,13,$260
5/15/23,New Balance,5526,448,16,$480
5/15/23,Asics,0,0,0,$0
5/15/23,Reebok,1734,85,3,$135
5/15/23,Saucony,0,0,0,$0
5/15/23,Brooks,0,0,0,$0
5/15/23,Altra,0,0,0,$0
5/15/23,Puma,5174,52,1,$55
5/15/23,Under Armour,1382,34,1,$11
5/15/23,Mizuno,0,0,0,$0
5/16/23,Nike,12212,622,50,"$3,000"
5/16/23,On Cloud,6014,381,19,$570
5/16/23,Hoka,5141,186,5,$150
5/16/23,Adidas,8384,254,8,$264
5/16/23,New Balance,5392,490,12,$360
5/16/23,Asics,0,0,0,$0
5/16/23,Reebok,1804,104,3,$144
5/16/23,Saucony,0,0,0,$0
5/16/23,Brooks,0,0,0,$0
5/16/23,Altra,0,0,0,$0
5/16/23,Puma,5147,18,1,$47
5/16/23,Under Armour,1012,33,1,$20
5/16/23,Mizuno,0,0,0,$0
5/17/23,Nike,12016,563,40,"$2,400"
5/17/23,On Cloud,5361,208,14,$420
5/17/23,Hoka,5485,220,8,$240
5/17/23,Adidas,8823,476,15,$405
5/17/23,New Balance,5902,531,14,$420
5/17/23,Asics,0,0,0,$0
5/17/23,Reebok,2025,109,3,$123
5/17/23,Saucony,0,0,0,$0
5/17/23,Brooks,0,0,0,$0
5/17/23,Altra,0,0,0,$0
5/17/23,Puma,5195,92,1,$50
5/17/23,Under Armour,1386,59,2,$38
5/17/23,Mizuno,0,0,0,$0
5/18/23,Nike,12267,480,35,"$2,100"
5/18/23,On Cloud,5603,230,16,$480
5/18/23,Hoka,5443,258,9,$270
5/18/23,Adidas,8951,464,20,$420
5/18/23,New Balance,5235,506,20,$600
5/18/23,Asics,0,0,0,$0
5/18/23,Reebok,2193,90,3,$147
5/18/23,Saucony,0,0,0,$0
5/18/23,Brooks,0,0,0,$0
5/18/23,Altra,0,0,0,$0
5/18/23,Puma,5984,41,1,$59
5/18/23,Under Armour,1031,38,1,$14
5/18/23,Mizuno,0,0,0,$0
5/19/23,Nike,12320,549,43,"$2,580"
5/19/23,On Cloud,4981,164,11,$330
5/19/23,Hoka,5866,236,9,$270
5/19/23,Adidas,9271,423,15,$570
5/19/23,New Balance,5591,407,11,$330
5/19/23,Asics,0,0,0,$0
5/19/23,Reebok,1760,78,3,$147
5/19/23,Saucony,0,0,0,$0
5/19/23,Brooks,0,0,0,$0
5/19/23,Altra,0,0,0,$0
5/19/23,Puma,5139,88,1,$46
5/19/23,Under Armour,999,27,1,$20
5/19/23,Mizuno,0,0,0,$0
5/20/23,Nike,11292,482,37,"$2,220"
5/20/23,On Cloud,5134,220,12,$360
5/20/23,Hoka,5998,300,7,$210
5/20/23,Adidas,9109,482,15,$360
5/20/23,New Balance,5971,491,12,$360
5/20/23,Asics,0,0,0,$0
5/20/23,Reebok,1474,69,2,$82
5/20/23,Saucony,0,0,0,$0
5/20/23,Brooks,0,0,0,$0
5/20/23,Altra,0,0,0,$0
5/20/23,Puma,5186,85,1,$48
5/20/23,Under Armour,1181,53,1,$12
5/20/23,Mizuno,0,0,0,$0
5/21/23,Nike,12110,374,23,"$1,380"
5/21/23,On Cloud,5602,340,22,$660
5/21/23,Hoka,5849,253,9,$270
5/21/23,Adidas,8422,264,15,$300
5/21/23,New Balance,5950,516,12,$360
5/21/23,Asics,0,0,0,$0
5/21/23,Reebok,2033,115,3,$135
5/21/23,Saucony,0,0,0,$0
5/21/23,Brooks,0,0,0,$0
5/21/23,Altra,0,0,0,$0
5/21/23,Puma,5352,24,1,$59
5/21/23,Under Armour,1159,55,2,$32
5/21/23,Mizuno,0,0,0,$0
5/22/23,Nike,10900,333,26,"$1,560"
5/22/23,On Cloud,5545,225,15,$450
5/22/23,Hoka,5730,211,5,$150
5/22/23,Adidas,8509,443,21,$483
5/22/23,New Balance,6070,516,18,$540
5/22/23,Asics,0,0,0,$0
5/22/23,Reebok,2326,102,3,$144
5/22/23,Saucony,0,0,0,$0
5/22/23,Brooks,0,0,0,$0
5/22/23,Altra,0,0,0,$0
5/22/23,Puma,5273,44,1,$62
5/22/23,Under Armour,1094,25,1,$10
5/22/23,Mizuno,0,0,0,$0
5/23/23,Nike,12594,381,25,"$1,500"
5/23/23,On Cloud,5836,233,11,$330
5/23/23,Hoka,5403,259,8,$240
5/23/23,Adidas,8678,290,13,$455
5/23/23,New Balance,5883,419,15,$450
5/23/23,Asics,0,0,0,$0
5/23/23,Reebok,1708,73,3,$120
5/23/23,Saucony,0,0,0,$0
5/23/23,Brooks,0,0,0,$0
5/23/23,Altra,0,0,0,$0
5/23/23,Puma,4955,22,1,$52
5/23/23,Under Armour,1168,54,2,$40
5/23/23,Mizuno,0,0,0,$0
5/24/23,Nike,10879,544,41,"$2,460"
5/24/23,On Cloud,5139,165,9,$270
5/24/23,Hoka,5784,189,5,$150
5/24/23,Adidas,9088,494,20,$620
5/24/23,New Balance,5286,465,19,$570
5/24/23,Asics,0,0,0,$0
5/24/23,Reebok,1570,94,2,$96
5/24/23,Saucony,0,0,0,$0
5/24/23,Brooks,0,0,0,$0
5/24/23,Altra,0,0,0,$0
5/24/23,Puma,5502,72,1,$63
5/24/23,Under Armour,936,43,1,$11
5/24/23,Mizuno,0,0,0,$0
5/25/23,Nike,11383,570,41,"$2,460"
5/25/23,On Cloud,5523,195,9,$270
5/25/23,Hoka,5061,298,7,$210
5/25/23,Adidas,8851,516,26,$676
5/25/23,New Balance,5558,406,16,$480
5/25/23,Asics,0,0,0,$0
5/25/23,Reebok,2016,116,5,$230
5/25/23,Saucony,0,0,0,$0
5/25/23,Brooks,0,0,0,$0
5/25/23,Altra,0,0,0,$0
5/25/23,Puma,4995,70,2,$118
5/25/23,Under Armour,1360,63,2,$34
5/25/23,Mizuno,0,0,0,$0
5/26/23,Nike,12058,559,38,"$2,280"
5/26/23,On Cloud,5547,336,24,$720
5/26/23,Hoka,5925,301,11,$330
5/26/23,Adidas,8304,493,17,$459
5/26/23,New Balance,5348,398,14,$420
5/26/23,Asics,0,0,0,$0
5/26/23,Reebok,1344,64,2,$88
5/26/23,Saucony,0,0,0,$0
5/26/23,Brooks,0,0,0,$0
5/26/23,Altra,0,0,0,$0
5/26/23,Puma,5715,83,1,$52
5/26/23,Under Armour,938,21,1,$11
5/26/23,Mizuno,0,0,0,$0
5/27/23,Nike,12458,590,39,"$2,340"
5/27/23,On Cloud,5196,182,12,$360
5/27/23,Hoka,5592,307,11,$330
5/27/23,Adidas,8828,376,18,$432
5/27/23,New Balance,5244,412,16,$480
5/27/23,Asics,0,0,0,$0
5/27/23,Reebok,2020,106,4,$164
5/27/23,Saucony,0,0,0,$0
5/27/23,Brooks,0,0,0,$0
5/27/23,Altra,0,0,0,$0
5/27/23,Puma,5423,70,2,$130
5/27/23,Under Armour,1395,29,1,$14
5/27/23,Mizuno,0,0,0,$0
5/28/23,Nike,11558,645,40,"$2,400"
5/28/23,On Cloud,5937,222,10,$300
5/28/23,Hoka,5567,309,7,$210
5/28/23,Adidas,9346,302,18,$432
5/28/23,New Balance,5328,486,18,$540
5/28/23,Asics,0,0,0,$0
5/28/23,Reebok,2011,110,5,$240
5/28/23,Saucony,0,0,0,$0
5/28/23,Brooks,0,0,0,$0
5/28/23,Altra,0,0,0,$0
5/28/23,Puma,5459,96,1,$62
5/28/23,Under Armour,1024,25,1,$20
5/28/23,Mizuno,0,0,0,$0
5/29/23,Nike,12206,675,45,"$2,700"
5/29/23,On Cloud,5225,185,13,$390
5/29/23,Hoka,5019,272,10,$300
5/29/23,Adidas,9181,492,30,$990
5/29/23,New Balance,5182,509,19,$570
5/29/23,Asics,0,0,0,$0
5/29/23,Reebok,1843,102,4,$200
5/29/23,Saucony,0,0,0,$0
5/29/23,Brooks,0,0,0,$0
5/29/23,Altra,0,0,0,$0
5/29/23,Puma,5229,25,1,$59
5/29/23,Under Armour,1374,53,3,$48
5/29/23,Mizuno,0,0,0,$0
5/30/23,Nike,12122,390,29,"$1,740"
5/30/23,On Cloud,5671,225,10,$300
5/30/23,Hoka,5809,175,4,$120
5/30/23,Adidas,9283,394,17,$357
5/30/23,New Balance,5613,555,19,$570
5/30/23,Asics,0,0,0,$0
5/30/23,Reebok,1726,92,3,$120
5/30/23,Saucony,0,0,0,$0
5/30/23,Brooks,0,0,0,$0
5/30/23,Altra,0,0,0,$0
5/30/23,Puma,5855,35,1,$47
5/30/23,Under Armour,968,34,1,$18
5/30/23,Mizuno,0,0,0,$0
5/31/23,Nike,12051,612,40,"$2,400"
5/31/23,On Cloud,5680,308,16,$480
5/31/23,Hoka,5594,308,12,$360
5/31/23,Adidas,8490,292,12,$396
5/31/23,New Balance,5431,409,10,$300
5/31/23,Asics,0,0,0,$0
5/31/23,Reebok,2023,109,5,$245
5/31/23,Saucony,0,0,0,$0
5/31/23,Brooks,0,0,0,$0
5/31/23,Altra,0,0,0,$0
5/31/23,Puma,5451,2,1,$47
5/31/23,Under Armour,1011,41,2,$40
5/31/23,Mizuno,0,0,0,$0
6/1/23,Nike,12031,398,30,"$1,800"
6/1/23,On Cloud,6045,232,11,$330
6/1/23,Hoka,5370,318,11,$330
6/1/23,Adidas,9209,485,23,$805
6/1/23,New Balance,5703,456,15,$450
6/1/23,Asics,0,0,0,$0
6/1/23,Reebok,1467,80,2,$80
6/1/23,Saucony,0,0,0,$0
6/1/23,Brooks,0,0,0,$0
6/1/23,Altra,0,0,0,$0
6/1/23,Puma,6222,94,1,$53
6/1/23,Under Armour,892,26,1,$19
6/1/23,Mizuno,0,0,0,$0
6/2/23,Nike,11714,550,36,"$2,160"
6/2/23,On Cloud,5479,366,22,$660
6/2/23,Hoka,5924,211,8,$240
6/2/23,Adidas,9126,297,11,$374
6/2/23,New Balance,5027,371,9,$270
6/2/23,Asics,0,0,0,$0
6/2/23,Reebok,1459,74,3,$141
6/2/23,Saucony,0,0,0,$0
6/2/23,Brooks,0,0,0,$0
6/2/23,Altra,0,0,0,$0
6/2/23,Puma,5757,46,1,$55
6/2/23,Under Armour,966,36,1,$18
6/2/23,Mizuno,0,0,0,$0
6/3/23,Nike,10693,409,27,"$1,620"
6/3/23,On Cloud,5515,249,10,$300
6/3/23,Hoka,5523,326,9,$270
6/3/23,Adidas,8443,334,11,$264
6/3/23,New Balance,5376,521,18,$540
6/3/23,Asics,0,0,0,$0
6/3/23,Reebok,1447,83,3,$120
6/3/23,Saucony,0,0,0,$0
6/3/23,Brooks,0,0,0,$0
6/3/23,Altra,0,0,0,$0
6/3/23,Puma,5221,24,1,$51
6/3/23,Under Armour,959,46,2,$28
6/3/23,Mizuno,0,0,0,$0
6/4/23,Nike,11081,491,39,"$2,340"
6/4/23,On Cloud,5087,243,11,$330
6/4/23,Hoka,5106,173,7,$210
6/4/23,Adidas,9299,353,14,$546
6/4/23,New Balance,5455,484,19,$570
6/4/23,Asics,0,0,0,$0
6/4/23,Reebok,2236,91,4,$172
6/4/23,Saucony,0,0,0,$0
6/4/23,Brooks,0,0,0,$0
6/4/23,Altra,0,0,0,$0
6/4/23,Puma,5554,61,2,$94
6/4/23,Under Armour,1151,29,1,$16
6/4/23,Mizuno,0,0,0,$0
6/5/23,Nike,12579,472,31,"$1,860"
6/5/23,On Cloud,5151,188,13,$390
6/5/23,Hoka,5684,323,8,$240
6/5/23,Adidas,9176,534,24,$552
6/5/23,New Balance,5606,551,17,$510
6/5/23,Asics,0,0,0,$0
6/5/23,Reebok,2186,102,4,$168
6/5/23,Saucony,0,0,0,$0
6/5/23,Brooks,0,0,0,$0
6/5/23,Altra,0,0,0,$0
6/5/23,Puma,5010,22,1,$45
6/5/23,Under Armour,1199,54,2,$32
6/5/23,Mizuno,0,0,0,$0
6/6/23,Nike,10953,330,27,"$1,620"
6/6/23,On Cloud,5370,246,12,$360
6/6/23,Hoka,5243,161,4,$120
6/6/23,Adidas,9332,462,23,$621
6/6/23,New Balance,5834,502,18,$540
6/6/23,Asics,0,0,0,$0
6/6/23,Reebok,1522,73,2,$80
6/6/23,Saucony,0,0,0,$0
6/6/23,Brooks,0,0,0,$0
6/6/23,Altra,0,0,0,$0
6/6/23,Puma,5165,48,1,$56
6/6/23,Under Armour,1232,62,2,$38
6/6/23,Mizuno,0,0,0,$0
6/7/23,Nike,12035,516,41,"$2,460"
6/7/23,On Cloud,5237,349,24,$720
6/7/23,Hoka,5176,240,10,$300
6/7/23,Adidas,8580,379,14,$294
6/7/23,New Balance,5339,463,15,$450
6/7/23,Asics,0,0,0,$0
6/7/23,Reebok,2090,102,4,$160
6/7/23,Saucony,0,0,0,$0
6/7/23,Brooks,0,0,0,$0
6/7/23,Altra,0,0,0,$0
6/7/23,Puma,6294,98,3,$150
6/7/23,Under Armour,802,20,1,$16
6/7/23,Mizuno,0,0,0,$0
6/8/23,Nike,12569,491,39,"$2,340"
6/8/23,On Cloud,6153,226,12,$360
6/8/23,Hoka,5200,271,8,$240
6/8/23,Adidas,9408,411,21,$462
6/8/23,New Balance,5264,472,11,$330
6/8/23,Asics,0,0,0,$0
6/8/23,Reebok,2372,136,4,$192
6/8/23,Saucony,0,0,0,$0
6/8/23,Brooks,0,0,0,$0
6/8/23,Altra,0,0,0,$0
6/8/23,Puma,4998,45,1,$47
6/8/23,Under Armour,1239,46,1,$20
6/8/23,Mizuno,0,0,0,$0
6/9/23,Nike,11413,401,27,"$1,620"
6/9/23,On Cloud,5635,197,13,$390
6/9/23,Hoka,5197,224,6,$180
6/9/23,Adidas,9437,558,29,$841
6/9/23,New Balance,5735,421,10,$300
6/9/23,Asics,0,0,0,$0
6/9/23,Reebok,2177,103,4,$200
6/9/23,Saucony,0,0,0,$0
6/9/23,Brooks,0,0,0,$0
6/9/23,Altra,0,0,0,$0
6/9/23,Puma,5800,64,2,$94
6/9/23,Under Armour,1164,29,1,$12
6/9/23,Mizuno,0,0,0,$0
6/10/23,Nike,12614,590,40,"$2,400"
6/10/23,On Cloud,5757,222,11,$330
6/10/23,Hoka,5536,187,5,$150
6/10/23,Adidas,8697,359,13,$299
6/10/23,New Balance,5628,449,15,$450
6/10/23,Asics,0,0,0,$0
6/10/23,Reebok,1952,106,4,$188
6/10/23,Saucony,0,0,0,$0
6/10/23,Brooks,0,0,0,$0
6/10/23,Altra,0,0,0,$0
6/10/23,Puma,5078,14,1,$46
6/10/23,Under Armour,977,31,1,$10
6/10/23,Mizuno,0,0,0,$0
6/11/23,Nike,12028,398,31,"$1,860"
6/11/23,On Cloud,5688,191,12,$360
6/11/23,Hoka,6082,227,9,$270
6/11/23,Adidas,9131,306,15,$465
6/11/23,New Balance,5048,423,16,$480
6/11/23,Asics,0,0,0,$0
6/11/23,Reebok,1450,86,3,$144
6/11/23,Saucony,0,0,0,$0
6/11/23,Brooks,0,0,0,$0
6/11/23,Altra,0,0,0,$0
6/11/23,Puma,5360,86,3,$180
6/11/23,Under Armour,912,35,1,$15
6/11/23,Mizuno,0,0,0,$0
6/12/23,Nike,11113,370,26,"$1,560"
6/12/23,On Cloud,6096,258,18,$540
6/12/23,Hoka,5264,259,7,$210
6/12/23,Adidas,8726,471,18,$504
6/12/23,New Balance,4930,472,11,$330
6/12/23,Asics,0,0,0,$0
6/12/23,Reebok,2384,112,4,$176
6/12/23,Saucony,0,0,0,$0
6/12/23,Brooks,0,0,0,$0
6/12/23,Altra,0,0,0,$0
6/12/23,Puma,5878,109,2,$98
6/12/23,Under Armour,1029,47,2,$34
6/12/23,Mizuno,0,0,0,$0
6/13/23,Nike,11689,532,43,"$2,580"
6/13/23,On Cloud,5408,196,13,$390
6/13/23,Hoka,6145,245,8,$240
6/13/23,Adidas,9323,522,16,$400
6/13/23,New Balance,5068,360,11,$330
6/13/23,Asics,0,0,0,$0
6/13/23,Reebok,2375,134,5,$210
6/13/23,Saucony,0,0,0,$0
6/13/23,Brooks,0,0,0,$0
6/13/23,Altra,0,0,0,$0
6/13/23,Puma,6195,76,2,$104
6/13/23,Under Armour,1292,58,2,$40
6/13/23,Mizuno,0,0,0,$0
6/14/23,Nike,11995,474,36,"$2,160"
6/14/23,On Cloud,5061,278,20,$600
6/14/23,Hoka,5415,285,10,$300
6/14/23,Adidas,8960,509,23,$552
6/14/23,New Balance,5643,473,12,$360
6/14/23,Asics,0,0,0,$0
6/14/23,Reebok,1620,88,2,$80
6/14/23,Saucony,0,0,0,$0
6/14/23,Brooks,0,0,0,$0
6/14/23,Altra,0,0,0,$0
6/14/23,Puma,6262,98,1,$48
6/14/23,Under Armour,861,32,2,$26
6/14/23,Mizuno,0,0,0,$0
6/15/23,Nike,12108,404,25,"$1,500"
6/15/23,On Cloud,5397,274,14,$420
6/15/23,Hoka,5999,180,6,$180
6/15/23,Adidas,8851,371,23,$460
6/15/23,New Balance,5129,396,9,$270
6/15/23,Asics,0,0,0,$0
6/15/23,Reebok,2414,109,4,$180
6/15/23,Saucony,0,0,0,$0
6/15/23,Brooks,0,0,0,$0
6/15/23,Altra,0,0,0,$0
6/15/23,Puma,5758,101,2,$98
6/15/23,Under Armour,857,32,1,$17
6/15/23,Mizuno,0,0,0,$0
6/16/23,Nike,10654,444,32,"$1,920"
6/16/23,On Cloud,5834,404,21,$630
6/16/23,Hoka,5923,243,5,$150
6/16/23,Adidas,8631,281,14,$336
6/16/23,New Balance,4932,478,13,$390
6/16/23,Asics,0,0,0,$0
6/16/23,Reebok,2301,96,4,$188
6/16/23,Saucony,0,0,0,$0
6/16/23,Brooks,0,0,0,$0
6/16/23,Altra,0,0,0,$0
6/16/23,Puma,5222,83,1,$61
6/16/23,Under Armour,875,37,2,$36
6/16/23,Mizuno,0,0,0,$0
6/17/23,Nike,12904,464,32,"$1,920"
6/17/23,On Cloud,5494,202,13,$390
6/17/23,Hoka,5190,253,9,$270
6/17/23,Adidas,8977,345,16,$448
6/17/23,New Balance,5528,390,9,$270
6/17/23,Asics,0,0,0,$0
6/17/23,Reebok,1612,88,4,$188
6/17/23,Saucony,0,0,0,$0
6/17/23,Brooks,0,0,0,$0
6/17/23,Altra,0,0,0,$0
6/17/23,Puma,4803,83,2,$106
6/17/23,Under Armour,999,37,1,$20
6/17/23,Mizuno,0,0,0,$0
6/18/23,Nike,12684,759,61,"$3,660"
6/18/23,On Cloud,5694,218,15,$450
6/18/23,Hoka,5211,217,6,$180
6/18/23,Adidas,8476,318,11,$341
6/18/23,New Balance,5720,507,13,$390
6/18/23,Asics,0,0,0,$0
6/18/23,Reebok,2074,101,4,$192
6/18/23,Saucony,0,0,0,$0
6/18/23,Brooks,0,0,0,$0
6/18/23,Altra,0,0,0,$0
6/18/23,Puma,5822,40,2,$94
6/18/23,Under Armour,1020,45,1,$11
6/18/23,Mizuno,0,0,0,$0
6/19/23,Nike,12338,438,30,"$1,800"
6/19/23,On Cloud,5878,267,18,$540
6/19/23,Hoka,5656,337,13,$390
6/19/23,Adidas,8684,307,12,$348
6/19/23,New Balance,5624,521,16,$480
6/19/23,Asics,0,0,0,$0
6/19/23,Reebok,1844,84,4,$172
6/19/23,Saucony,0,0,0,$0
6/19/23,Brooks,0,0,0,$0
6/19/23,Altra,0,0,0,$0
6/19/23,Puma,5120,94,3,$177
6/19/23,Under Armour,956,46,1,$11
6/19/23,Mizuno,0,0,0,$0
6/20/23,Nike,10969,502,39,"$2,340"
6/20/23,On Cloud,6087,209,12,$360
6/20/23,Hoka,5951,320,10,$300
6/20/23,Adidas,9443,430,20,$660
6/20/23,New Balance,5658,415,9,$270
6/20/23,Asics,0,0,0,$0
6/20/23,Reebok,1779,104,3,$150
6/20/23,Saucony,0,0,0,$0
6/20/23,Brooks,0,0,0,$0
6/20/23,Altra,0,0,0,$0
6/20/23,Puma,6126,71,2,$108
6/20/23,Under Armour,817,17,1,$10
6/20/23,Mizuno,0,0,0,$0
6/21/23,Nike,11383,412,29,"$1,740"
6/21/23,On Cloud,5150,301,16,$480
6/21/23,Hoka,5482,192,6,$180
6/21/23,Adidas,9277,539,30,$870
6/21/23,New Balance,5662,519,16,$480
6/21/23,Asics,0,0,0,$0
6/21/23,Reebok,2320,124,5,$200
6/21/23,Saucony,0,0,0,$0
6/21/23,Brooks,0,0,0,$0
6/21/23,Altra,0,0,0,$0
6/21/23,Puma,5122,85,1,$62
6/21/23,Under Armour,959,28,2,$24
6/21/23,Mizuno,0,0,0,$0
6/22/23,Nike,12932,759,60,"$3,600"
6/22/23,On Cloud,5547,247,16,$480
6/22/23,Hoka,5284,180,6,$180
6/22/23,Adidas,8712,449,27,"$1,026"
6/22/23,New Balance,5578,506,14,$420
6/22/23,Asics,0,0,0,$0
6/22/23,Reebok,1908,77,2,$86
6/22/23,Saucony,0,0,0,$0
6/22/23,Brooks,0,0,0,$0
6/22/23,Altra,0,0,0,$0
6/22/23,Puma,5915,109,3,$174
6/22/23,Under Armour,1140,29,1,$20
6/22/23,Mizuno,0,0,0,$0
6/23/23,Nike,12331,532,41,"$2,460"
6/23/23,On Cloud,5953,414,26,$780
6/23/23,Hoka,5929,179,5,$150
6/23/23,Adidas,9040,323,15,$345
6/23/23,New Balance,5088,462,17,$510
6/23/23,Asics,0,0,0,$0
6/23/23,Reebok,2207,130,5,$205
6/23/23,Saucony,0,0,0,$0
6/23/23,Brooks,0,0,0,$0
6/23/23,Altra,0,0,0,$0
6/23/23,Puma,4816,58,1,$45
6/23/23,Under Armour,877,42,1,$17
6/23/23,Mizuno,0,0,0,$0
6/24/23,Nike,12528,726,59,"$3,540"
6/24/23,On Cloud,5934,399,21,$630
6/24/23,Hoka,6129,341,13,$390
6/24/23,Adidas,8663,439,21,$525
6/24/23,New Balance,5574,502,20,$600
6/24/23,Asics,0,0,0,$0
6/24/23,Reebok,1654,74,3,$144
6/24/23,Saucony,0,0,0,$0
6/24/23,Brooks,0,0,0,$0
6/24/23,Altra,0,0,0,$0
6/24/23,Puma,4968,3,1,$48
6/24/23,Under Armour,837,37,1,$14
6/24/23,Mizuno,0,0,0,$0
6/25/23,Nike,11863,392,24,"$1,440"
6/25/23,On Cloud,5464,350,17,$510
6/25/23,Hoka,5342,196,7,$210
6/25/23,Adidas,9136,350,14,$392
6/25/23,New Balance,5469,534,20,$600
6/25/23,Asics,0,0,0,$0
6/25/23,Reebok,1882,111,4,$200
6/25/23,Saucony,0,0,0,$0
6/25/23,Brooks,0,0,0,$0
6/25/23,Altra,0,0,0,$0
6/25/23,Puma,5334,16,1,$65
6/25/23,Under Armour,966,30,1,$15
6/25/23,Mizuno,0,0,0,$0
6/26/23,Nike,12191,651,42,"$2,520"
6/26/23,On Cloud,5403,240,14,$420
6/26/23,Hoka,5102,174,6,$180
6/26/23,Adidas,8704,391,19,$399
6/26/23,New Balance,5069,455,17,$510
6/26/23,Asics,0,0,0,$0
6/26/23,Reebok,1782,77,3,$129
6/26/23,Saucony,0,0,0,$0
6/26/23,Brooks,0,0,0,$0
6/26/23,Altra,0,0,0,$0
6/26/23,Puma,5184,79,2,$112
6/26/23,Under Armour,1237,50,1,$19
6/26/23,Mizuno,0,0,0,$0
6/27/23,Nike,12795,576,35,"$2,100"
6/27/23,On Cloud,5246,354,21,$630
6/27/23,Hoka,5181,293,11,$330
6/27/23,Adidas,8678,294,13,$403
6/27/23,New Balance,5680,402,12,$360
6/27/23,Asics,0,0,0,$0
6/27/23,Reebok,1418,85,3,$135
6/27/23,Saucony,0,0,0,$0
6/27/23,Brooks,0,0,0,$0
6/27/23,Altra,0,0,0,$0
6/27/23,Puma,6208,61,1,$58
6/27/23,Under Armour,790,19,1,$10
6/27/23,Mizuno,0,0,0,$0
6/28/23,Nike,11920,666,47,"$2,820"
6/28/23,On Cloud,5733,194,12,$360
6/28/23,Hoka,6102,246,8,$240
6/28/23,Adidas,9227,523,26,$546
6/28/23,New Balance,5215,449,18,$540
6/28/23,Asics,0,0,0,$0
6/28/23,Reebok,2056,108,4,$180
6/28/23,Saucony,0,0,0,$0
6/28/23,Brooks,0,0,0,$0
6/28/23,Altra,0,0,0,$0
6/28/23,Puma,6085,94,2,$92
6/28/23,Under Armour,915,36,1,$17
6/28/23,Mizuno,0,0,0,$0
6/29/23,Nike,12031,510,36,"$2,160"
6/29/23,On Cloud,5122,293,18,$540
6/29/23,Hoka,5098,235,8,$240
6/29/23,Adidas,9201,328,16,$432
6/29/23,New Balance,5280,383,12,$360
6/29/23,Asics,0,0,0,$0
6/29/23,Reebok,1463,78,3,$135
6/29/23,Saucony,0,0,0,$0
6/29/23,Brooks,0,0,0,$0
6/29/23,Altra,0,0,0,$0
6/29/23,Puma,5237,48,1,$61
6/29/23,Under Armour,948,20,1,$19
6/29/23,Mizuno,0,0,0,$0
6/30/23,Nike,11419,656,45,"$2,700"
6/30/23,On Cloud,6132,358,19,$570
6/30/23,Hoka,5576,317,12,$360
6/30/23,Adidas,8887,526,20,$500
6/30/23,New Balance,5457,415,17,$510
6/30/23,Asics,0,0,0,$0
6/30/23,Reebok,1629,70,2,$94
6/30/23,Saucony,0,0,0,$0
6/30/23,Brooks,0,0,0,$0
6/30/23,Altra,0,0,0,$0
6/30/23,Puma,5781,41,1,$63
6/30/23,Under Armour,1112,25,1,$16
6/30/23,Mizuno,0,0,0,$0
7/1/23,Nike,12992,649,52,"$3,120"
7/1/23,On Cloud,6143,382,27,$810
7/1/23,Hoka,6056,293,11,$330
7/1/23,Adidas,9330,328,17,$646
7/1/23,New Balance,5135,456,10,$300
7/1/23,Asics,0,0,0,$0
7/1/23,Reebok,2292,114,5,$230
7/1/23,Saucony,0,0,0,$0
7/1/23,Brooks,0,0,0,$0
7/1/23,Altra,0,0,0,$0
7/1/23,Puma,5396,94,1,$64
7/1/23,Under Armour,686,30,2,$32
7/1/23,Mizuno,0,0,0,$0
7/2/23,Nike,13038,764,54,"$3,240"
7/2/23,On Cloud,6264,278,16,$480
7/2/23,Hoka,5197,223,6,$180
7/2/23,Adidas,9537,508,20,$600
7/2/23,New Balance,5254,440,16,$480
7/2/23,Asics,0,0,0,$0
7/2/23,Reebok,1461,74,3,$147
7/2/23,Saucony,0,0,0,$0
7/2/23,Brooks,0,0,0,$0
7/2/23,Altra,0,0,0,$0
7/2/23,Puma,6304,73,1,$60
7/2/23,Under Armour,1003,43,2,$38
7/2/23,Mizuno,0,0,0,$0
7/3/23,Nike,12788,543,34,"$2,040"
7/3/23,On Cloud,5803,394,19,$570
7/3/23,Hoka,5820,335,10,$300
7/3/23,Adidas,8653,343,16,$576
7/3/23,New Balance,5451,453,13,$390
7/3/23,Asics,0,0,0,$0
7/3/23,Reebok,2555,150,6,$258
7/3/23,Saucony,0,0,0,$0
7/3/23,Brooks,0,0,0,$0
7/3/23,Altra,0,0,0,$0
7/3/23,Puma,6492,16,1,$62
7/3/23,Under Armour,800,17,1,$10
7/3/23,Mizuno,0,0,0,$0
7/4/23,Nike,11848,523,33,"$1,980"
7/4/23,On Cloud,6221,198,13,$390
7/4/23,Hoka,5519,257,10,$300
7/4/23,Adidas,9174,303,13,$299
7/4/23,New Balance,5614,401,9,$270
7/4/23,Asics,0,0,0,$0
7/4/23,Reebok,2306,108,3,$120
7/4/23,Saucony,0,0,0,$0
7/4/23,Brooks,0,0,0,$0
7/4/23,Altra,0,0,0,$0
7/4/23,Puma,5127,103,3,$138
7/4/23,Under Armour,786,17,1,$18
7/4/23,Mizuno,0,0,0,$0
7/5/23,Nike,12462,388,29,"$1,740"
7/5/23,On Cloud,5524,311,16,$480
7/5/23,Hoka,5608,304,9,$270
7/5/23,Adidas,9421,407,23,$920
7/5/23,New Balance,5280,421,15,$450
7/5/23,Asics,0,0,0,$0
7/5/23,Reebok,2095,118,5,$210
7/5/23,Saucony,0,0,0,$0
7/5/23,Brooks,0,0,0,$0
7/5/23,Altra,0,0,0,$0
7/5/23,Puma,6421,12,1,$64
7/5/23,Under Armour,1052,24,1,$14
7/5/23,Mizuno,0,0,0,$0
7/6/23,Nike,13147,421,31,"$1,860"
7/6/23,On Cloud,5526,171,12,$360
7/6/23,Hoka,5514,235,6,$180
7/6/23,Adidas,9465,444,20,$460
7/6/23,New Balance,5671,509,17,$510
7/6/23,Asics,0,0,0,$0
7/6/23,Reebok,1788,99,3,$126
7/6/23,Saucony,0,0,0,$0
7/6/23,Brooks,0,0,0,$0
7/6/23,Altra,0,0,0,$0
7/6/23,Puma,6489,23,1,$55
7/6/23,Under Armour,1067,31,1,$12
7/6/23,Mizuno,0,0,0,$0
7/7/23,Nike,12484,448,35,"$2,100"
7/7/23,On Cloud,5599,367,17,$510
7/7/23,Hoka,5462,238,6,$180
7/7/23,Adidas,9248,470,27,$810
7/7/23,New Balance,4899,431,13,$390
7/7/23,Asics,0,0,0,$0
7/7/23,Reebok,2275,124,4,$188
7/7/23,Saucony,0,0,0,$0
7/7/23,Brooks,0,0,0,$0
7/7/23,Altra,0,0,0,$0
7/7/23,Puma,5163,50,2,$112
7/7/23,Under Armour,934,43,2,$24
7/7/23,Mizuno,0,0,0,$0
7/8/23,Nike,10928,423,26,"$1,560"
7/8/23,On Cloud,5259,232,13,$390
7/8/23,Hoka,5244,227,7,$210
7/8/23,Adidas,8597,273,13,$520
7/8/23,New Balance,4786,452,16,$480
7/8/23,Asics,0,0,0,$0
7/8/23,Reebok,1605,82,3,$138
7/8/23,Saucony,0,0,0,$0
7/8/23,Brooks,0,0,0,$0
7/8/23,Altra,0,0,0,$0
7/8/23,Puma,6208,104,2,$126
7/8/23,Under Armour,742,32,1,$14
7/8/23,Mizuno,0,0,0,$0
7/9/23,Nike,13125,708,44,"$2,640"
7/9/23,On Cloud,5774,326,22,$660
7/9/23,Hoka,5894,296,7,$210
7/9/23,Adidas,8572,332,11,$429
7/9/23,New Balance,5391,539,21,$630
7/9/23,Asics,0,0,0,$0
7/9/23,Reebok,1765,85,3,$147
7/9/23,Saucony,0,0,0,$0
7/9/23,Brooks,0,0,0,$0
7/9/23,Altra,0,0,0,$0
7/9/23,Puma,6465,110,3,$183
7/9/23,Under Armour,1074,49,2,$20
7/9/23,Mizuno,0,0,0,$0
7/10/23,Nike,12442,548,37,"$2,220"
7/10/23,On Cloud,6012,307,20,$600
7/10/23,Hoka,6076,190,8,$240
7/10/23,Adidas,9443,290,12,$372
7/10/23,New Balance,5532,410,13,$390
7/10/23,Asics,0,0,0,$0
7/10/23,Reebok,1765,99,4,$160
7/10/23,Saucony,0,0,0,$0
7/10/23,Brooks,0,0,0,$0
7/10/23,Altra,0,0,0,$0
7/10/23,Puma,6205,15,1,$58
7/10/23,Under Armour,705,18,1,$13
7/10/23,Mizuno,0,0,0,$0
7/11/23,Nike,12423,439,31,"$1,860"
7/11/23,On Cloud,5221,224,14,$420
7/11/23,Hoka,6037,221,5,$150
7/11/23,Adidas,8722,338,19,$475
7/11/23,New Balance,4770,469,11,$330
7/11/23,Asics,0,0,0,$0
7/11/23,Reebok,2391,111,5,$235
7/11/23,Saucony,0,0,0,$0
7/11/23,Brooks,0,0,0,$0
7/11/23,Altra,0,0,0,$0
7/11/23,Puma,6229,17,1,$60
7/11/23,Under Armour,682,28,1,$20
7/11/23,Mizuno,0,0,0,$0
7/12/23,Nike,12084,390,24,"$1,440"
7/12/23,On Cloud,5231,280,14,$420
7/12/23,Hoka,6055,309,10,$300
7/12/23,Adidas,9388,507,30,$960
7/12/23,New Balance,5529,532,22,$660
7/12/23,Asics,0,0,0,$0
7/12/23,Reebok,2148,97,3,$123
7/12/23,Saucony,0,0,0,$0
7/12/23,Brooks,0,0,0,$0
7/12/23,Altra,0,0,0,$0
7/12/23,Puma,6105,10,1,$58
7/12/23,Under Armour,698,26,1,$14
7/12/23,Mizuno,0,0,0,$0
7/13/23,Nike,10982,408,26,"$1,560"
7/13/23,On Cloud,5669,271,13,$390
7/13/23,Hoka,5928,192,5,$150
7/13/23,Adidas,8590,489,29,$841
7/13/23,New Balance,4851,428,10,$300
7/13/23,Asics,0,0,0,$0
7/13/23,Reebok,1458,64,3,$123
7/13/23,Saucony,0,0,0,$0
7/13/23,Brooks,0,0,0,$0
7/13/23,Altra,0,0,0,$0
7/13/23,Puma,5119,6,1,$45
7/13/23,Under Armour,877,38,1,$17
7/13/23,Mizuno,0,0,0,$0
7/14/23,Nike,12171,392,28,"$1,680"
7/14/23,On Cloud,5999,391,19,$570
7/14/23,Hoka,5987,259,10,$300
7/14/23,Adidas,8731,394,15,$435
7/14/23,New Balance,5566,536,18,$540
7/14/23,Asics,0,0,0,$0
7/14/23,Reebok,2113,96,3,$132
7/14/23,Saucony,0,0,0,$0
7/14/23,Brooks,0,0,0,$0
7/14/23,Altra,0,0,0,$0
7/14/23,Puma,6205,86,2,$98
7/14/23,Under Armour,872,29,1,$17
7/14/23,Mizuno,0,0,0,$0
7/15/23,Nike,12010,648,49,"$2,940"
7/15/23,On Cloud,5685,395,18,$540
7/15/23,Hoka,6043,203,6,$180
7/15/23,Adidas,8711,403,19,$760
7/15/23,New Balance,4870,474,19,$570
7/15/23,Asics,0,0,0,$0
7/15/23,Reebok,2249,130,4,$172
7/15/23,Saucony,0,0,0,$0
7/15/23,Brooks,0,0,0,$0
7/15/23,Altra,0,0,0,$0
7/15/23,Puma,5564,108,3,$141
7/15/23,Under Armour,719,26,1,$11
7/15/23,Mizuno,0,0,0,$0
7/16/23,Nike,12411,662,52,"$3,120"
7/16/23,On Cloud,5953,319,15,$450
7/16/23,Hoka,6223,199,6,$180
7/16/23,Adidas,9496,541,19,$589
7/16/23,New Balance,5244,508,18,$540
7/16/23,Asics,0,0,0,$0
7/16/23,Reebok,2522,127,4,$160
7/16/23,Saucony,0,0,0,$0
7/16/23,Brooks,0,0,0,$0
7/16/23,Altra,0,0,0,$0
7/16/23,Puma,5919,65,2,$120
7/16/23,Under Armour,901,36,1,$10
7/16/23,Mizuno,0,0,0,$0
7/17/23,Nike,12307,692,43,"$2,580"
7/17/23,On Cloud,5603,174,12,$360
7/17/23,Hoka,6092,344,12,$360
7/17/23,Adidas,8788,302,14,$308
7/17/23,New Balance,5536,484,13,$390
7/17/23,Asics,0,0,0,$0
7/17/23,Reebok,1632,78,3,$123
7/17/23,Saucony,0,0,0,$0
7/17/23,Brooks,0,0,0,$0
7/17/23,Altra,0,0,0,$0
7/17/23,Puma,5187,62,2,$118
7/17/23,Under Armour,755,29,1,$18
7/17/23,Mizuno,0,0,0,$0
7/18/23,Nike,12423,674,43,"$2,580"
7/18/23,On Cloud,6125,200,11,$330
7/18/23,Hoka,6137,362,13,$390
7/18/23,Adidas,8599,272,10,$330
7/18/23,New Balance,4762,356,8,$240
7/18/23,Asics,0,0,0,$0
7/18/23,Reebok,2201,91,4,$180
7/18/23,Saucony,0,0,0,$0
7/18/23,Brooks,0,0,0,$0
7/18/23,Altra,0,0,0,$0
7/18/23,Puma,5323,58,2,$90
7/18/23,Under Armour,838,24,1,$17
7/18/23,Mizuno,0,0,0,$0
7/19/23,Nike,11784,633,41,"$2,460"
7/19/23,On Cloud,5763,312,17,$510
7/19/23,Hoka,5931,292,11,$330
7/19/23,Adidas,9211,442,15,$495
7/19/23,New Balance,4969,395,11,$330
7/19/23,Asics,0,0,0,$0
7/19/23,Reebok,1558,92,3,$135
7/19/23,Saucony,0,0,0,$0
7/19/23,Brooks,0,0,0,$0
7/19/23,Altra,0,0,0,$0
7/19/23,Puma,5430,96,2,$110
7/19/23,Under Armour,690,24,1,$15
7/19/23,Mizuno,0,0,0,$0
7/20/23,Nike,11783,433,29,"$1,740"
7/20/23,On Cloud,6240,410,24,$720
7/20/23,Hoka,5540,235,10,$300
7/20/23,Adidas,9612,425,16,$576
7/20/23,New Balance,4774,390,15,$450
7/20/23,Asics,0,0,0,$0
7/20/23,Reebok,2387,101,3,$129
7/20/23,Saucony,0,0,0,$0
7/20/23,Brooks,0,0,0,$0
7/20/23,Altra,0,0,0,$0
7/20/23,Puma,5712,11,1,$57
7/20/23,Under Armour,750,37,1,$16
7/20/23,Mizuno,0,0,0,$0
7/21/23,Nike,12367,557,43,"$2,580"
7/21/23,On Cloud,5514,194,9,$270
7/21/23,Hoka,5518,242,7,$210
7/21/23,Adidas,8624,441,21,$630
7/21/23,New Balance,4875,404,10,$300
7/21/23,Asics,0,0,0,$0
7/21/23,Reebok,1598,73,3,$150
7/21/23,Saucony,0,0,0,$0
7/21/23,Brooks,0,0,0,$0
7/21/23,Altra,0,0,0,$0
7/21/23,Puma,6633,35,1,$56
7/21/23,Under Armour,880,44,1,$15
7/21/23,Mizuno,0,0,0,$0
7/22/23,Nike,13194,427,29,"$1,740"
7/22/23,On Cloud,5471,211,14,$420
7/22/23,Hoka,6143,328,11,$330
7/22/23,Adidas,9649,478,29,$754
7/22/23,New Balance,5314,392,12,$360
7/22/23,Asics,0,0,0,$0
7/22/23,Reebok,1433,74,2,$88
7/22/23,Saucony,0,0,0,$0
7/22/23,Brooks,0,0,0,$0
7/22/23,Altra,0,0,0,$0
7/22/23,Puma,5404,14,1,$57
7/22/23,Under Armour,997,28,1,$13
7/22/23,Mizuno,0,0,0,$0
7/23/23,Nike,11416,665,46,"$2,760"
7/23/23,On Cloud,5268,256,16,$480
7/23/23,Hoka,5840,202,6,$180
7/23/23,Adidas,9455,419,17,$408
7/23/23,New Balance,5118,378,15,$450
7/23/23,Asics,0,0,0,$0
7/23/23,Reebok,1893,113,4,$180
7/23/23,Saucony,0,0,0,$0
7/23/23,Brooks,0,0,0,$0
7/23/23,Altra,0,0,0,$0
7/23/23,Puma,5624,111,1,$59
7/23/23,Under Armour,926,39,2,$24
7/23/23,Mizuno,0,0,0,$0
7/24/23,Nike,12347,612,38,"$2,280"
7/24/23,On Cloud,5280,208,11,$330
7/24/23,Hoka,5407,209,7,$210
7/24/23,Adidas,9096,499,18,$432
7/24/23,New Balance,5682,477,11,$330
7/24/23,Asics,0,0,0,$0
7/24/23,Reebok,1782,90,3,$123
7/24/23,Saucony,0,0,0,$0
7/24/23,Brooks,0,0,0,$0
7/24/23,Altra,0,0,0,$0
7/24/23,Puma,5423,98,3,$180
7/24/23,Under Armour,1066,37,1,$18
7/24/23,Mizuno,0,0,0,$0
7/25/23,Nike,13297,539,35,"$2,100"
7/25/23,On Cloud,6047,332,15,$450
7/25/23,Hoka,5722,186,5,$150
7/25/23,Adidas,9340,407,22,$594
7/25/23,New Balance,5374,531,11,$330
7/25/23,Asics,0,0,0,$0
7/25/23,Reebok,2413,130,3,$150
7/25/23,Saucony,0,0,0,$0
7/25/23,Brooks,0,0,0,$0
7/25/23,Altra,0,0,0,$0
7/25/23,Puma,6316,86,1,$55
7/25/23,Under Armour,778,24,1,$12
7/25/23,Mizuno,0,0,0,$0
7/26/23,Nike,11762,532,41,"$2,460"
7/26/23,On Cloud,5645,351,25,$750
7/26/23,Hoka,5895,180,7,$210
7/26/23,Adidas,8958,372,19,$608
7/26/23,New Balance,5538,443,16,$480
7/26/23,Asics,0,0,0,$0
7/26/23,Reebok,1569,71,2,$98
7/26/23,Saucony,0,0,0,$0
7/26/23,Brooks,0,0,0,$0
7/26/23,Altra,0,0,0,$0
7/26/23,Puma,5528,47,1,$62
7/26/23,Under Armour,743,26,1,$11
7/26/23,Mizuno,0,0,0,$0
7/27/23,Nike,11900,574,43,"$2,580"
7/27/23,On Cloud,5955,337,22,$660
7/27/23,Hoka,5922,245,6,$180
7/27/23,Adidas,9522,500,30,$990
7/27/23,New Balance,5531,544,16,$480
7/27/23,Asics,0,0,0,$0
7/27/23,Reebok,2109,114,4,$164
7/27/23,Saucony,0,0,0,$0
7/27/23,Brooks,0,0,0,$0
7/27/23,Altra,0,0,0,$0
7/27/23,Puma,5154,23,1,$59
7/27/23,Under Armour,1096,41,2,$24
7/27/23,Mizuno,0,0,0,$0
7/28/23,Nike,12188,521,33,"$1,980"
7/28/23,On Cloud,6120,421,28,$840
7/28/23,Hoka,5638,203,8,$240
7/28/23,Adidas,9195,312,11,$242
7/28/23,New Balance,5194,405,14,$420
7/28/23,Asics,0,0,0,$0
7/28/23,Reebok,1940,116,3,$132
7/28/23,Saucony,0,0,0,$0
7/28/23,Brooks,0,0,0,$0
7/28/23,Altra,0,0,0,$0
7/28/23,Puma,5124,92,2,$104
7/28/23,Under Armour,1047,27,1,$13
7/28/23,Mizuno,0,0,0,$0
7/29/23,Nike,12624,394,26,"$1,560"
7/29/23,On Cloud,5650,241,15,$450
7/29/23,Hoka,6064,279,8,$240
7/29/23,Adidas,9441,320,16,$464
7/29/23,New Balance,5254,428,13,$390
7/29/23,Asics,0,0,0,$0
7/29/23,Reebok,2130,94,3,$126
7/29/23,Saucony,0,0,0,$0
7/29/23,Brooks,0,0,0,$0
7/29/23,Altra,0,0,0,$0
7/29/23,Puma,6764,88,2,$130
7/29/23,Under Armour,1014,21,1,$14
7/29/23,Mizuno,0,0,0,$0
7/30/23,Nike,11212,467,29,"$1,740"
7/30/23,On Cloud,5506,166,11,$330
7/30/23,Hoka,5787,318,12,$360
7/30/23,Adidas,8737,267,11,$341
7/30/23,New Balance,5105,419,16,$480
7/30/23,Asics,0,0,0,$0
7/30/23,Reebok,1765,77,2,$92
7/30/23,Saucony,0,0,0,$0
7/30/23,Brooks,0,0,0,$0
7/30/23,Altra,0,0,0,$0
7/30/23,Puma,5602,85,1,$61
7/30/23,Under Armour,678,25,1,$20
7/30/23,Mizuno,0,0,0,$0
7/31/23,Nike,12976,545,43,"$2,580"
7/31/23,On Cloud,6014,297,13,$390
7/31/23,Hoka,5350,210,5,$150
7/31/23,Adidas,9182,440,16,$464
7/31/23,New Balance,5414,423,11,$330
7/31/23,Asics,0,0,0,$0
7/31/23,Reebok,2124,113,4,$200
7/31/23,Saucony,0,0,0,$0
7/31/23,Brooks,0,0,0,$0
7/31/23,Altra,0,0,0,$0
7/31/23,Puma,6645,101,3,$135
7/31/23,Under Armour,951,27,2,$34
7/31/23,Mizuno,0,0,0,$0
8/1/23,Nike,11417,535,35,"$2,100"
8/1/23,On Cloud,6373,251,12,$360
8/1/23,Hoka,5781,338,8,$240
8/1/23,Adidas,9535,358,21,$441
8/1/23,New Balance,4959,440,13,$390
8/1/23,Asics,0,0,0,$0
8/1/23,Reebok,2164,121,3,$135
8/1/23,Saucony,0,0,0,$0
8/1/23,Brooks,0,0,0,$0
8/1/23,Altra,0,0,0,$0
8/1/23,Puma,6813,133,3,$165
8/1/23,Under Armour,803,31,1,$19
8/1/23,Mizuno,0,0,0,$0
8/2/23,Nike,11510,356,24,"$1,440"
8/2/23,On Cloud,5733,353,15,$450
8/2/23,Hoka,5242,186,7,$210
8/2/23,Adidas,9594,540,32,"$1,152"
8/2/23,New Balance,4916,369,11,$330
8/2/23,Asics,0,0,0,$0
8/2/23,Reebok,2478,112,5,$225
8/2/23,Saucony,0,0,0,$0
8/2/23,Brooks,0,0,0,$0
8/2/23,Altra,0,0,0,$0
8/2/23,Puma,6325,11,1,$55
8/2/23,Under Armour,858,39,2,$32
8/2/23,Mizuno,0,0,0,$0
8/3/23,Nike,13125,441,33,"$1,980"
8/3/23,On Cloud,6103,309,21,$630
8/3/23,Hoka,5751,292,9,$270
8/3/23,Adidas,8720,283,15,$525
8/3/23,New Balance,5418,473,18,$540
8/3/23,Asics,0,0,0,$0
8/3/23,Reebok,1875,83,3,$132
8/3/23,Saucony,0,0,0,$0
8/3/23,Brooks,0,0,0,$0
8/3/23,Altra,0,0,0,$0
8/3/23,Puma,6030,37,1,$64
8/3/23,Under Armour,854,41,2,$36
8/3/23,Mizuno,0,0,0,$0
8/4/23,Nike,12143,702,49,"$2,940"
8/4/23,On Cloud,5786,225,12,$360
8/4/23,Hoka,5523,292,9,$270
8/4/23,Adidas,9144,539,22,$858
8/4/23,New Balance,5362,411,16,$480
8/4/23,Asics,0,0,0,$0
8/4/23,Reebok,1945,97,3,$141
8/4/23,Saucony,0,0,0,$0
8/4/23,Brooks,0,0,0,$0
8/4/23,Altra,0,0,0,$0
8/4/23,Puma,5985,74,1,$51
8/4/23,Under Armour,729,28,2,$38
8/4/23,Mizuno,0,0,0,$0
8/5/23,Nike,12813,555,35,"$2,100"
8/5/23,On Cloud,5802,317,18,$540
8/5/23,Hoka,5669,252,10,$300
8/5/23,Adidas,8787,527,26,$884
8/5/23,New Balance,5416,446,18,$540
8/5/23,Asics,0,0,0,$0
8/5/23,Reebok,2384,106,3,$144
8/5/23,Saucony,0,0,0,$0
8/5/23,Brooks,0,0,0,$0
8/5/23,Altra,0,0,0,$0
8/5/23,Puma,6894,128,2,$108
8/5/23,Under Armour,843,20,1,$17
8/5/23,Mizuno,0,0,0,$0
8/6/23,Nike,12665,697,46,"$2,760"
8/6/23,On Cloud,5844,380,27,$810
8/6/23,Hoka,5748,270,8,$240
8/6/23,Adidas,9055,478,29,$841
8/6/23,New Balance,4814,340,12,$360
8/6/23,Asics,0,0,0,$0
8/6/23,Reebok,2223,90,3,$129
8/6/23,Saucony,0,0,0,$0
8/6/23,Brooks,0,0,0,$0
8/6/23,Altra,0,0,0,$0
8/6/23,Puma,6903,43,1,$46
8/6/23,Under Armour,572,14,1,$12
8/6/23,Mizuno,0,0,0,$0
8/7/23,Nike,13381,503,35,"$2,100"
8/7/23,On Cloud,5233,283,13,$390
8/7/23,Hoka,6288,303,10,$300
8/7/23,Adidas,9101,539,19,$380
8/7/23,New Balance,5300,410,16,$480
8/7/23,Asics,0,0,0,$0
8/7/23,Reebok,1820,99,4,$168
8/7/23,Saucony,0,0,0,$0
8/7/23,Brooks,0,0,0,$0
8/7/23,Altra,0,0,0,$0
8/7/23,Puma,6125,116,1,$59
8/7/23,Under Armour,590,30,1,$20
8/7/23,Mizuno,0,0,0,$0
8/8/23,Nike,12433,584,41,"$2,460"
8/8/23,On Cloud,5511,281,17,$510
8/8/23,Hoka,5720,181,5,$150
8/8/23,Adidas,8851,527,27,$783
8/8/23,New Balance,4572,324,11,$330
8/8/23,Asics,0,0,0,$0
8/8/23,Reebok,2541,123,4,$192
8/8/23,Saucony,0,0,0,$0
8/8/23,Brooks,0,0,0,$0
8/8/23,Altra,0,0,0,$0
8/8/23,Puma,5548,40,1,$51
8/8/23,Under Armour,647,31,1,$12
8/8/23,Mizuno,0,0,0,$0
8/9/23,Nike,13313,686,45,"$2,700"
8/9/23,On Cloud,5636,293,15,$450
8/9/23,Hoka,5910,229,5,$150
8/9/23,Adidas,9834,309,15,$570
8/9/23,New Balance,4987,383,10,$300
8/9/23,Asics,0,0,0,$0
8/9/23,Reebok,1835,104,3,$126
8/9/23,Saucony,0,0,0,$0
8/9/23,Brooks,0,0,0,$0
8/9/23,Altra,0,0,0,$0
8/9/23,Puma,6363,24,1,$49
8/9/23,Under Armour,765,25,1,$20
8/9/23,Mizuno,0,0,0,$0
8/10/23,Nike,11495,460,34,"$2,040"
8/10/23,On Cloud,5268,210,9,$270
8/10/23,Hoka,5858,239,6,$180
8/10/23,Adidas,9712,530,23,$897
8/10/23,New Balance,4681,453,13,$390
8/10/23,Asics,0,0,0,$0
8/10/23,Reebok,1949,106,3,$141
8/10/23,Saucony,0,0,0,$0
8/10/23,Brooks,0,0,0,$0
8/10/23,Altra,0,0,0,$0
8/10/23,Puma,6642,55,2,$100
8/10/23,Under Armour,880,33,1,$19
8/10/23,Mizuno,0,0,0,$0
8/11/23,Nike,12178,569,37,"$2,220"
8/11/23,On Cloud,5563,349,18,$540
8/11/23,Hoka,5571,308,9,$270
8/11/23,Adidas,9332,512,19,$589
8/11/23,New Balance,4975,356,11,$330
8/11/23,Asics,0,0,0,$0
8/11/23,Reebok,1709,84,4,$184
8/11/23,Saucony,0,0,0,$0
8/11/23,Brooks,0,0,0,$0
8/11/23,Altra,0,0,0,$0
8/11/23,Puma,6246,23,1,$51
8/11/23,Under Armour,675,31,1,$14
8/11/23,Mizuno,0,0,0,$0
8/12/23,Nike,11573,674,49,"$2,940"
8/12/23,On Cloud,6068,223,16,$480
8/12/23,Hoka,5315,255,8,$240
8/12/23,Adidas,8903,404,22,$484
8/12/23,New Balance,4988,498,17,$510
8/12/23,Asics,0,0,0,$0
8/12/23,Reebok,1581,88,2,$88
8/12/23,Saucony,0,0,0,$0
8/12/23,Brooks,0,0,0,$0
8/12/23,Altra,0,0,0,$0
8/12/23,Puma,6568,63,1,$59
8/12/23,Under Armour,788,22,1,$18
8/12/23,Mizuno,0,0,0,$0
8/13/23,Nike,11252,631,41,"$2,460"
8/13/23,On Cloud,6264,230,11,$330
8/13/23,Hoka,6071,262,6,$180
8/13/23,Adidas,9274,442,18,$702
8/13/23,New Balance,4926,434,15,$450
8/13/23,Asics,0,0,0,$0
8/13/23,Reebok,1807,102,3,$135
8/13/23,Saucony,0,0,0,$0
8/13/23,Brooks,0,0,0,$0
8/13/23,Altra,0,0,0,$0
8/13/23,Puma,6070,3,1,$55
8/13/23,Under Armour,797,23,1,$14
8/13/23,Mizuno,0,0,0,$0
8/14/23,Nike,12306,470,32,"$1,920"
8/14/23,On Cloud,5314,238,13,$390
8/14/23,Hoka,6158,246,9,$270
8/14/23,Adidas,9200,412,14,$532
8/14/23,New Balance,5311,452,16,$480
8/14/23,Asics,0,0,0,$0
8/14/23,Reebok,2025,98,4,$180
8/14/23,Saucony,0,0,0,$0
8/14/23,Brooks,0,0,0,$0
8/14/23,Altra,0,0,0,$0
8/14/23,Puma,6057,50,1,$57
8/14/23,Under Armour,819,36,2,$38
8/14/23,Mizuno,0,0,0,$0
8/15/23,Nike,11356,362,25,"$1,500"
8/15/23,On Cloud,6087,312,18,$540
8/15/23,Hoka,6201,342,13,$390
8/15/23,Adidas,9468,399,24,$504
8/15/23,New Balance,4887,384,13,$390
8/15/23,Asics,0,0,0,$0
8/15/23,Reebok,2633,141,4,$176
8/15/23,Saucony,0,0,0,$0
8/15/23,Brooks,0,0,0,$0
8/15/23,Altra,0,0,0,$0
8/15/23,Puma,6845,66,1,$58
8/15/23,Under Armour,581,17,1,$18
8/15/23,Mizuno,0,0,0,$0
8/16/23,Nike,13465,599,45,"$2,700"
8/16/23,On Cloud,5301,261,15,$450
8/16/23,Hoka,6047,225,6,$180
8/16/23,Adidas,9415,393,14,$420
8/16/23,New Balance,5411,481,15,$450
8/16/23,Asics,0,0,0,$0
8/16/23,Reebok,1597,69,3,$144
8/16/23,Saucony,0,0,0,$0
8/16/23,Brooks,0,0,0,$0
8/16/23,Altra,0,0,0,$0
8/16/23,Puma,6736,94,1,$65
8/16/23,Under Armour,769,34,1,$19
8/16/23,Mizuno,0,0,0,$0
8/17/23,Nike,12561,693,42,"$2,520"
8/17/23,On Cloud,6235,334,18,$540
8/17/23,Hoka,5561,330,8,$240
8/17/23,Adidas,8735,436,15,$345
8/17/23,New Balance,5129,446,12,$360
8/17/23,Asics,0,0,0,$0
8/17/23,Reebok,1884,98,3,$123
8/17/23,Saucony,0,0,0,$0
8/17/23,Brooks,0,0,0,$0
8/17/23,Altra,0,0,0,$0
8/17/23,Puma,7159,52,1,$52
8/17/23,Under Armour,558,16,1,$13
8/17/23,Mizuno,0,0,0,$0
8/18/23,Nike,12435,513,38,"$2,280"
8/18/23,On Cloud,6359,253,17,$510
8/18/23,Hoka,5758,226,5,$150
8/18/23,Adidas,8806,418,22,$880
8/18/23,New Balance,5108,461,19,$570
8/18/23,Asics,0,0,0,$0
8/18/23,Reebok,1871,102,4,$160
8/18/23,Saucony,0,0,0,$0
8/18/23,Brooks,0,0,0,$0
8/18/23,Altra,0,0,0,$0
8/18/23,Puma,5431,89,2,$104
8/18/23,Under Armour,646,30,1,$15
8/18/23,Mizuno,0,0,0,$0
8/19/23,Nike,13391,471,36,"$2,160"
8/19/23,On Cloud,5479,299,20,$600
8/19/23,Hoka,5997,239,8,$240
8/19/23,Adidas,9286,312,15,$330
8/19/23,New Balance,5251,491,20,$600
8/19/23,Asics,0,0,0,$0
8/19/23,Reebok,2546,137,3,$150
8/19/23,Saucony,0,0,0,$0
8/19/23,Brooks,0,0,0,$0
8/19/23,Altra,0,0,0,$0
8/19/23,Puma,5848,10,1,$57
8/19/23,Under Armour,809,39,2,$26
8/19/23,Mizuno,0,0,0,$0
8/20/23,Nike,13455,444,27,"$1,620"
8/20/23,On Cloud,5542,194,10,$300
8/20/23,Hoka,5765,292,9,$270
8/20/23,Adidas,9497,420,21,$735
8/20/23,New Balance,4560,390,14,$420
8/20/23,Asics,0,0,0,$0
8/20/23,Reebok,1773,79,2,$100
8/20/23,Saucony,0,0,0,$0
8/20/23,Brooks,0,0,0,$0
8/20/23,Altra,0,0,0,$0
8/20/23,Puma,7141,63,1,$64
8/20/23,Under Armour,555,22,1,$17
8/20/23,Mizuno,0,0,0,$0
8/21/23,Nike,13238,629,48,"$2,880"
8/21/23,On Cloud,5783,349,19,$570
8/21/23,Hoka,5643,229,7,$210
8/21/23,Adidas,9658,575,34,$816
8/21/23,New Balance,5203,458,12,$360
8/21/23,Asics,0,0,0,$0
8/21/23,Reebok,2272,131,4,$172
8/21/23,Saucony,0,0,0,$0
8/21/23,Brooks,0,0,0,$0
8/21/23,Altra,0,0,0,$0
8/21/23,Puma,5800,12,1,$50
8/21/23,Under Armour,755,20,1,$10
8/21/23,Mizuno,0,0,0,$0
8/22/23,Nike,13323,459,29,"$1,740"
8/22/23,On Cloud,6042,380,27,$810
8/22/23,Hoka,6334,327,9,$270
8/22/23,Adidas,9357,361,22,$660
8/22/23,New Balance,5068,375,14,$420
8/22/23,Asics,0,0,0,$0
8/22/23,Reebok,2543,107,4,$164
8/22/23,Saucony,0,0,0,$0
8/22/23,Brooks,0,0,0,$0
8/22/23,Altra,0,0,0,$0
8/22/23,Puma,5890,114,3,$177
8/22/23,Under Armour,774,29,2,$26
8/22/23,Mizuno,0,0,0,$0
8/23/23,Nike,12442,731,55,"$3,300"
8/23/23,On Cloud,5812,265,17,$510
8/23/23,Hoka,6236,367,14,$420
8/23/23,Adidas,8902,360,14,$420
8/23/23,New Balance,4986,369,14,$420
8/23/23,Asics,0,0,0,$0
8/23/23,Reebok,2424,101,4,$176
8/23/23,Saucony,0,0,0,$0
8/23/23,Brooks,0,0,0,$0
8/23/23,Altra,0,0,0,$0
8/23/23,Puma,6811,17,1,$46
8/23/23,Under Armour,820,36,1,$19
8/23/23,Mizuno,0,0,0,$0
8/24/23,Nike,11832,684,49,"$2,940"
8/24/23,On Cloud,5808,271,14,$420
8/24/23,Hoka,5316,227,7,$210
8/24/23,Adidas,9180,333,13,$338
8/24/23,New Balance,5001,482,13,$390
8/24/23,Asics,0,0,0,$0
8/24/23,Reebok,2506,113,3,$135
8/24/23,Saucony,0,0,0,$0
8/24/23,Brooks,0,0,0,$0
8/24/23,Altra,0,0,0,$0
8/24/23,Puma,5434,60,2,$90
8/24/23,Under Armour,770,24,1,$13
8/24/23,Mizuno,0,0,0,$0
8/25/23,Nike,12889,513,33,"$1,980"
8/25/23,On Cloud,5620,228,13,$390
8/25/23,Hoka,5699,200,5,$150
8/25/23,Adidas,8895,296,12,$396
8/25/23,New Balance,4773,475,17,$510
8/25/23,Asics,0,0,0,$0
8/25/23,Reebok,2053,123,4,$196
8/25/23,Saucony,0,0,0,$0
8/25/23,Brooks,0,0,0,$0
8/25/23,Altra,0,0,0,$0
8/25/23,Puma,6365,79,1,$52
8/25/23,Under Armour,832,24,1,$17
8/25/23,Mizuno,0,0,0,$0
8/26/23,Nike,12748,752,58,"$3,480"
8/26/23,On Cloud,6098,216,10,$300
8/26/23,Hoka,5530,243,9,$270
8/26/23,Adidas,9453,523,30,"$1,200"
8/26/23,New Balance,5112,373,9,$270
8/26/23,Asics,0,0,0,$0
8/26/23,Reebok,2324,110,3,$147
8/26/23,Saucony,0,0,0,$0
8/26/23,Brooks,0,0,0,$0
8/26/23,Altra,0,0,0,$0
8/26/23,Puma,7139,125,1,$46
8/26/23,Under Armour,802,28,2,$26
8/26/23,Mizuno,0,0,0,$0
8/27/23,Nike,11579,463,33,"$1,980"
8/27/23,On Cloud,5228,357,16,$480
8/27/23,Hoka,5936,189,6,$180
8/27/23,Adidas,9029,351,16,$592
8/27/23,New Balance,4761,374,12,$360
8/27/23,Asics,0,0,0,$0
8/27/23,Reebok,1989,101,4,$184
8/27/23,Saucony,0,0,0,$0
8/27/23,Brooks,0,0,0,$0
8/27/23,Altra,0,0,0,$0
8/27/23,Puma,5697,16,1,$60
8/27/23,Under Armour,755,33,1,$20
8/27/23,Mizuno,0,0,0,$0
8/28/23,Nike,11580,693,55,"$3,300"
8/28/23,On Cloud,5764,198,9,$270
8/28/23,Hoka,5567,266,8,$240
8/28/23,Adidas,9172,408,24,$648
8/28/23,New Balance,4968,483,18,$540
8/28/23,Asics,0,0,0,$0
8/28/23,Reebok,2574,112,4,$184
8/28/23,Saucony,0,0,0,$0
8/28/23,Brooks,0,0,0,$0
8/28/23,Altra,0,0,0,$0
8/28/23,Puma,6932,89,3,$180
8/28/23,Under Armour,884,30,1,$12
8/28/23,Mizuno,0,0,0,$0
8/29/23,Nike,11410,640,41,"$2,460"
8/29/23,On Cloud,6187,307,20,$600
8/29/23,Hoka,6045,244,8,$240
8/29/23,Adidas,8779,281,14,$434
8/29/23,New Balance,5099,509,14,$420
8/29/23,Asics,0,0,0,$0
8/29/23,Reebok,2614,129,4,$196
8/29/23,Saucony,0,0,0,$0
8/29/23,Brooks,0,0,0,$0
8/29/23,Altra,0,0,0,$0
8/29/23,Puma,6809,5,1,$63
8/29/23,Under Armour,762,24,1,$20
8/29/23,Mizuno,0,0,0,$0
8/30/23,Nike,13101,433,31,"$1,860"
8/30/23,On Cloud,5790,319,16,$480
8/30/23,Hoka,6013,248,8,$240
8/30/23,Adidas,9362,398,18,$576
8/30/23,New Balance,5056,422,16,$480
8/30/23,Asics,0,0,0,$0
8/30/23,Reebok,2590,128,4,$172
8/30/23,Saucony,0,0,0,$0
8/30/23,Brooks,0,0,0,$0
8/30/23,Altra,0,0,0,$0
8/30/23,Puma,6593,4,1,$58
8/30/23,Under Armour,898,37,1,$10
8/30/23,Mizuno,0,0,0,$0
8/31/23,Nike,12457,708,57,"$3,420"
8/31/23,On Cloud,5568,287,16,$480
8/31/23,Hoka,6336,291,9,$270
8/31/23,Adidas,9758,314,19,$437
8/31/23,New Balance,4671,398,10,$300
8/31/23,Asics,0,0,0,$0
8/31/23,Reebok,2491,110,4,$184
8/31/23,Saucony,0,0,0,$0
8/31/23,Brooks,0,0,0,$0
8/31/23,Altra,0,0,0,$0
8/31/23,Puma,6462,82,3,$189
8/31/23,Under Armour,622,18,1,$10
8/31/23,Mizuno,0,0,0,$0