date,website,visits
2023-01-01,runnation.com,8325
2023-01-01,healthyfeet.com,4180
2023-01-01,sneakerheads.com,9475
2023-01-02,runnation.com,8582
2023-01-02,healthyfeet.com,4670
2023-01-02,sneakerheads.com,9597
2023-01-03,runnation.com,6949
2023-01-03,healthyfeet.com,3604
2023-01-03,sneakerheads.com,10666
2023-01-04,runnation.com,7554
2023-01-04,healthyfeet.com,3839
2023-01-04,sneakerheads.com,10056
2023-01-05,runnation.com,8117
2023-01-05,healthyfeet.com,3634
2023-01-05,sneakerheads.com,9876
2023-01-06,runnation.com,7644
2023-01-06,healthyfeet.com,4598
2023-01-06,sneakerheads.com,9322
2023-01-07,runnation.com,7933
2023-01-07,healthyfeet.com,3803
2023-01-07,sneakerheads.com,10922
2023-01-08,runnation.com,7487
2023-01-08,healthyfeet.com,4668
2023-01-08,sneakerheads.com,9948
2023-01-09,runnation.com,6585
2023-01-09,healthyfeet.com,4154
2023-01-09,sneakerheads.com,9709
2023-01-10,runnation.com,8419
2023-01-10,healthyfeet.com,4554
2023-01-10,sneakerheads.com,10164
2023-01-11,runnation.com,8451
2023-01-11,healthyfeet.com,4790
2023-01-11,sneakerheads.com,10114
2023-01-12,runnation.com,7570
2023-01-12,healthyfeet.com,4033
2023-01-12,sneakerheads.com,10397
2023-01-13,runnation.com,7635
2023-01-13,healthyfeet.com,3989
2023-01-13,sneakerheads.com,10245
2023-01-14,runnation.com,7307
2023-01-14,healthyfeet.com,3836
2023-01-14,sneakerheads.com,11049
2023-01-15,runnation.com,8612
2023-01-15,healthyfeet.com,3601
2023-01-15,sneakerheads.com,10740
2023-01-16,runnation.com,7489
2023-01-16,healthyfeet.com,4299
2023-01-16,sneakerheads.com,10689
2023-01-17,runnation.com,7998
2023-01-17,healthyfeet.com,4559
2023-01-17,sneakerheads.com,10713
2023-01-18,runnation.com,8305
2023-01-18,healthyfeet.com,4381
2023-01-18,sneakerheads.com,11279
2023-01-19,runnation.com,7966
2023-01-19,healthyfeet.com,4766
2023-01-19,sneakerheads.com,9318
2023-01-20,runnation.com,8618
2023-01-20,healthyfeet.com,4306
2023-01-20,sneakerheads.com,10857
2023-01-21,runnation.com,7872
2023-01-21,healthyfeet.com,3839
2023-01-21,sneakerheads.com,10466
2023-01-22,runnation.com,8117
2023-01-22,healthyfeet.com,4099
2023-01-22,sneakerheads.com,10300
2023-01-23,runnation.com,7975
2023-01-23,healthyfeet.com,4255
2023-01-23,sneakerheads.com,9564
2023-01-24,runnation.com,7572
2023-01-24,healthyfeet.com,4049
2023-01-24,sneakerheads.com,11099
2023-01-25,runnation.com,7265
2023-01-25,healthyfeet.com,4635
2023-01-25,sneakerheads.com,9544
2023-01-26,runnation.com,7822
2023-01-26,healthyfeet.com,4611
2023-01-26,sneakerheads.com,9813
2023-01-27,runnation.com,8164
2023-01-27,healthyfeet.com,3740
2023-01-27,sneakerheads.com,11198
2023-01-28,runnation.com,8405
2023-01-28,healthyfeet.com,4403
2023-01-28,sneakerheads.com,9609
2023-01-29,runnation.com,7590
2023-01-29,healthyfeet.com,4330
2023-01-29,sneakerheads.com,10223
2023-01-30,runnation.com,8420
2023-01-30,healthyfeet.com,3737
2023-01-30,sneakerheads.com,10759
2023-01-31,runnation.com,8069
2023-01-31,healthyfeet.com,4843
2023-01-31,sneakerheads.com,10338
2023-02-01,runnation.com,7973
2023-02-01,healthyfeet.com,3993
2023-02-01,sneakerheads.com,11161
2023-02-02,runnation.com,8857
2023-02-02,healthyfeet.com,4293
2023-02-02,sneakerheads.com,9797
2023-02-03,runnation.com,8255
2023-02-03,healthyfeet.com,4060
2023-02-03,sneakerheads.com,9638
2023-02-04,runnation.com,8500
2023-02-04,healthyfeet.com,4717
2023-02-04,sneakerheads.com,10925
2023-02-05,runnation.com,8403
2023-02-05,healthyfeet.com,4263
2023-02-05,sneakerheads.com,10011
2023-02-06,runnation.com,8607
2023-02-06,healthyfeet.com,3878
2023-02-06,sneakerheads.com,10307
2023-02-07,runnation.com,8257
2023-02-07,healthyfeet.com,4075
2023-02-07,sneakerheads.com,11584
2023-02-08,runnation.com,9048
2023-02-08,healthyfeet.com,4003
2023-02-08,sneakerheads.com,11623
2023-02-09,runnation.com,8378
2023-02-09,healthyfeet.com,4182
2023-02-09,sneakerheads.com,9886
2023-02-10,runnation.com,8424
2023-02-10,healthyfeet.com,4984
2023-02-10,sneakerheads.com,9801
2023-02-11,runnation.com,7626
2023-02-11,healthyfeet.com,4210
2023-02-11,sneakerheads.com,10489
2023-02-12,runnation.com,9184
2023-02-12,healthyfeet.com,4240
2023-02-12,sneakerheads.com,10656
2023-02-13,runnation.com,8053
2023-02-13,healthyfeet.com,4820
2023-02-13,sneakerheads.com,10302
2023-02-14,runnation.com,8409
2023-02-14,healthyfeet.com,4553
2023-02-14,sneakerheads.com,9972
2023-02-15,runnation.com,7671
2023-02-15,healthyfeet.com,4210
2023-02-15,sneakerheads.com,10967
2023-02-16,runnation.com,9244
2023-02-16,healthyfeet.com,4778
2023-02-16,sneakerheads.com,9930
2023-02-17,runnation.com,9260
2023-02-17,healthyfeet.com,4145
2023-02-17,sneakerheads.com,10479
2023-02-18,runnation.com,9272
2023-02-18,healthyfeet.com,4248
2023-02-18,sneakerheads.com,10103
2023-02-19,runnation.com,9188
2023-02-19,healthyfeet.com,4958
2023-02-19,sneakerheads.com,11115
2023-02-20,runnation.com,8832
2023-02-20,healthyfeet.com,4475
2023-02-20,sneakerheads.com,9860
2023-02-21,runnation.com,8847
2023-02-21,healthyfeet.com,3838
2023-02-21,sneakerheads.com,10745
2023-02-22,runnation.com,9097
2023-02-22,healthyfeet.com,4517
2023-02-22,sneakerheads.com,9971
2023-02-23,runnation.com,8629
2023-02-23,healthyfeet.com,3682
2023-02-23,sneakerheads.com,11184
2023-02-24,runnation.com,7610
2023-02-24,healthyfeet.com,4006
2023-02-24,sneakerheads.com,9695
2023-02-25,runnation.com,8698
2023-02-25,healthyfeet.com,4721
2023-02-25,sneakerheads.com,10600
2023-02-26,runnation.com,8615
2023-02-26,healthyfeet.com,4594
2023-02-26,sneakerheads.com,10992
2023-02-27,runnation.com,7374
2023-02-27,healthyfeet.com,4499
2023-02-27,sneakerheads.com,10733
2023-02-28,runnation.com,8071
2023-02-28,healthyfeet.com,3675
2023-02-28,sneakerheads.com,10801
2023-03-01,runnation.com,8758
2023-03-01,healthyfeet.com,4861
2023-03-01,sneakerheads.com,11503
2023-03-02,runnation.com,7697
2023-03-02,healthyfeet.com,4470
2023-03-02,sneakerheads.com,11478
2023-03-03,runnation.com,9701
2023-03-03,healthyfeet.com,4529
2023-03-03,sneakerheads.com,9941
2023-03-04,runnation.com,9479
2023-03-04,healthyfeet.com,5056
2023-03-04,sneakerheads.com,11108
2023-03-05,runnation.com,8264
2023-03-05,healthyfeet.com,4994
2023-03-05,sneakerheads.com,9950
2023-03-06,runnation.com,8493
2023-03-06,healthyfeet.com,3752
2023-03-06,sneakerheads.com,10466
2023-03-07,runnation.com,8740
2023-03-07,healthyfeet.com,4716
2023-03-07,sneakerheads.com,11613
2023-03-08,runnation.com,9760
2023-03-08,healthyfeet.com,4296
2023-03-08,sneakerheads.com,11765
2023-03-09,runnation.com,9575
2023-03-09,healthyfeet.com,4749
2023-03-09,sneakerheads.com,10111
2023-03-10,runnation.com,9424
2023-03-10,healthyfeet.com,3895
2023-03-10,sneakerheads.com,11168
2023-03-11,runnation.com,8826
2023-03-11,healthyfeet.com,4808
2023-03-11,sneakerheads.com,11332
2023-03-12,runnation.com,8388
2023-03-12,healthyfeet.com,3779
2023-03-12,sneakerheads.com,11612
2023-03-13,runnation.com,8146
2023-03-13,healthyfeet.com,4516
2023-03-13,sneakerheads.com,11141
2023-03-14,runnation.com,9704
2023-03-14,healthyfeet.com,3803
2023-03-14,sneakerheads.com,10151
2023-03-15,runnation.com,9583
2023-03-15,healthyfeet.com,4765
2023-03-15,sneakerheads.com,10402
2023-03-16,runnation.com,9857
2023-03-16,healthyfeet.com,4269
2023-03-16,sneakerheads.com,11421
2023-03-17,runnation.com,9045
2023-03-17,healthyfeet.com,4138
2023-03-17,sneakerheads.com,9871
2023-03-18,runnation.com,9565
2023-03-18,healthyfeet.com,4540
2023-03-18,sneakerheads.com,10739
2023-03-19,runnation.com,9331
2023-03-19,healthyfeet.com,4657
2023-03-19,sneakerheads.com,10099
2023-03-20,runnation.com,9085
2023-03-20,healthyfeet.com,4361
2023-03-20,sneakerheads.com,11977
2023-03-21,runnation.com,9689
2023-03-21,healthyfeet.com,3889
2023-03-21,sneakerheads.com,9893
2023-03-22,runnation.com,8422
2023-03-22,healthyfeet.com,4604
2023-03-22,sneakerheads.com,11811
2023-03-23,runnation.com,8774
2023-03-23,healthyfeet.com,5025
2023-03-23,sneakerheads.com,10424
2023-03-24,runnation.com,8607
2023-03-24,healthyfeet.com,4986
2023-03-24,sneakerheads.com,10682
2023-03-25,runnation.com,9541
2023-03-25,healthyfeet.com,4790
2023-03-25,sneakerheads.com,11188
2023-03-26,runnation.com,8731
2023-03-26,healthyfeet.com,4227
2023-03-26,sneakerheads.com,11916
2023-03-27,runnation.com,7723
2023-03-27,healthyfeet.com,4794
2023-03-27,sneakerheads.com,11797
2023-03-28,runnation.com,9223
2023-03-28,healthyfeet.com,3864
2023-03-28,sneakerheads.com,11491
2023-03-29,runnation.com,9585
2023-03-29,healthyfeet.com,3851
2023-03-29,sneakerheads.com,10080
2023-03-30,runnation.com,9558
2023-03-30,healthyfeet.com,4719
2023-03-30,sneakerheads.com,10808
2023-03-31,runnation.com,8335
2023-03-31,healthyfeet.com,4411
2023-03-31,sneakerheads.com,10701
2023-04-01,runnation.com,10491
2023-04-01,healthyfeet.com,4534
2023-04-01,sneakerheads.com,10623
2023-04-02,runnation.com,9206
2023-04-02,healthyfeet.com,3988
2023-04-02,sneakerheads.com,10451
2023-04-03,runnation.com,9487
2023-04-03,healthyfeet.com,4180
2023-04-03,sneakerheads.com,11334
2023-04-04,runnation.com,9991
2023-04-04,healthyfeet.com,4722
2023-04-04,sneakerheads.com,11512
2023-04-05,runnation.com,9178
2023-04-05,healthyfeet.com,4523
2023-04-05,sneakerheads.com,11215
2023-04-06,runnation.com,9764
2023-04-06,healthyfeet.com,4684
2023-04-06,sneakerheads.com,10475
2023-04-07,runnation.com,10258
2023-04-07,healthyfeet.com,4581
2023-04-07,sneakerheads.com,11708
2023-04-08,runnation.com,10040
2023-04-08,healthyfeet.com,4384
2023-04-08,sneakerheads.com,11415
2023-04-09,runnation.com,9894
2023-04-09,healthyfeet.com,4753
2023-04-09,sneakerheads.com,11995
2023-04-10,runnation.com,8855
2023-04-10,healthyfeet.com,4176
2023-04-10,sneakerheads.com,11432
2023-04-11,runnation.com,10552
2023-04-11,healthyfeet.com,4282
2023-04-11,sneakerheads.com,10163
2023-04-12,runnation.com,8593
2023-04-12,healthyfeet.com,4100
2023-04-12,sneakerheads.com,10254
2023-04-13,runnation.com,9078
2023-04-13,healthyfeet.com,5113
2023-04-13,sneakerheads.com,11672
2023-04-14,runnation.com,10221
2023-04-14,healthyfeet.com,4459
2023-04-14,sneakerheads.com,11043
2023-04-15,runnation.com,8778
2023-04-15,healthyfeet.com,4615
2023-04-15,sneakerheads.com,11769
2023-04-16,runnation.com,9464
2023-04-16,healthyfeet.com,4208
2023-04-16,sneakerheads.com,11319
2023-04-17,runnation.com,10219
2023-04-17,healthyfeet.com,4684
2023-04-17,sneakerheads.com,11984
2023-04-18,runnation.com,9365
2023-04-18,healthyfeet.com,5167
2023-04-18,sneakerheads.com,10731
2023-04-19,runnation.com,9789
2023-04-19,healthyfeet.com,5117
2023-04-19,sneakerheads.com,11088
2023-04-20,runnation.com,10238
2023-04-20,healthyfeet.com,4537
2023-04-20,sneakerheads.com,11703
2023-04-21,runnation.com,10240
2023-04-21,healthyfeet.com,3824
2023-04-21,sneakerheads.com,10692
2023-04-22,runnation.com,9108
2023-04-22,healthyfeet.com,5166
2023-04-22,sneakerheads.com,10606
2023-04-23,runnation.com,9776
2023-04-23,healthyfeet.com,4045
2023-04-23,sneakerheads.com,10612
2023-04-24,runnation.com,10424
2023-04-24,healthyfeet.com,3936
2023-04-24,sneakerheads.com,11409
2023-04-25,runnation.com,10329
2023-04-25,healthyfeet.com,3956
2023-04-25,sneakerheads.com,11576
2023-04-26,runnation.com,10016
2023-04-26,healthyfeet.com,4239
2023-04-26,sneakerheads.com,11526
2023-04-27,runnation.com,9372
2023-04-27,healthyfeet.com,4675
2023-04-27,sneakerheads.com,10086
2023-04-28,runnation.com,10399
2023-04-28,healthyfeet.com,4247
2023-04-28,sneakerheads.com,11197
2023-04-29,runnation.com,10531
2023-04-29,healthyfeet.com,5080
2023-04-29,sneakerheads.com,11949
2023-04-30,runnation.com,8646
2023-04-30,healthyfeet.com,4933
2023-04-30,sneakerheads.com,10112
2023-05-01,runnation.com,9684
2023-05-01,healthyfeet.com,4091
2023-05-01,sneakerheads.com,11250
2023-05-02,runnation.com,8938
2023-05-02,healthyfeet.com,5058
2023-05-02,sneakerheads.com,11914
2023-05-03,runnation.com,9965
2023-05-03,healthyfeet.com,4335
2023-05-03,sneakerheads.com,10462
2023-05-04,runnation.com,10294
2023-05-04,healthyfeet.com,4325
2023-05-04,sneakerheads.com,11518
2023-05-05,runnation.com,10384
2023-05-05,healthyfeet.com,4970
2023-05-05,sneakerheads.com,12649
2023-05-06,runnation.com,10140
2023-05-06,healthyfeet.com,4162
2023-05-06,sneakerheads.com,11773
2023-05-07,runnation.com,10431
2023-05-07,healthyfeet.com,4051
2023-05-07,sneakerheads.com,11009
2023-05-08,runnation.com,9727
2023-05-08,healthyfeet.com,4674
2023-05-08,sneakerheads.com,11336
2023-05-09,runnation.com,9834
2023-05-09,healthyfeet.com,4877
2023-05-09,sneakerheads.com,11613
2023-05-10,runnation.com,10840
2023-05-10,healthyfeet.com,4628
2023-05-10,sneakerheads.com,12490
2023-05-11,runnation.com,9072
2023-05-11,healthyfeet.com,5213
2023-05-11,sneakerheads.com,10662
2023-05-12,runnation.com,10441
2023-05-12,healthyfeet.com,4934
2023-05-12,sneakerheads.com,10642
2023-05-13,runnation.com,10639
2023-05-13,healthyfeet.com,4863
2023-05-13,sneakerheads.com,12136
2023-05-14,runnation.com,9867
2023-05-14,healthyfeet.com,4639
2023-05-14,sneakerheads.com,11817
2023-05-15,runnation.com,10867
2023-05-15,healthyfeet.com,4881
2023-05-15,sneakerheads.com,11683
2023-05-16,runnation.com,8915
2023-05-16,healthyfeet.com,3990
2023-05-16,sneakerheads.com,12212
2023-05-17,runnation.com,10794
2023-05-17,healthyfeet.com,4974
2023-05-17,sneakerheads.com,12016
2023-05-18,runnation.com,11196
2023-05-18,healthyfeet.com,4455
2023-05-18,sneakerheads.com,12267
2023-05-19,runnation.com,10058
2023-05-19,healthyfeet.com,3881
2023-05-19,sneakerheads.com,12320
2023-05-20,runnation.com,10175
2023-05-20,healthyfeet.com,4564
2023-05-20,sneakerheads.com,11292
2023-05-21,runnation.com,9860
2023-05-21,healthyfeet.com,4719
2023-05-21,sneakerheads.com,12110
2023-05-22,runnation.com,10277
2023-05-22,healthyfeet.com,4608
2023-05-22,sneakerheads.com,10900
2023-05-23,runnation.com,9164
2023-05-23,healthyfeet.com,4798
2023-05-23,sneakerheads.com,12594
2023-05-24,runnation.com,10247
2023-05-24,healthyfeet.com,4962
2023-05-24,sneakerheads.com,10879
2023-05-25,runnation.com,10391
2023-05-25,healthyfeet.com,5129
2023-05-25,sneakerheads.com,11383
2023-05-26,runnation.com,9095
2023-05-26,healthyfeet.com,5234
2023-05-26,sneakerheads.com,12058
2023-05-27,runnation.com,10767
2023-05-27,healthyfeet.com,4103
2023-05-27,sneakerheads.com,12458
2023-05-28,runnation.com,9384
2023-05-28,healthyfeet.com,4359
2023-05-28,sneakerheads.com,11558
2023-05-29,runnation.com,10564
2023-05-29,healthyfeet.com,4081
2023-05-29,sneakerheads.com,12206
2023-05-30,runnation.com,10605
2023-05-30,healthyfeet.com,4451
2023-05-30,sneakerheads.com,12122
2023-05-31,runnation.com,11138
2023-05-31,healthyfeet.com,4212
2023-05-31,sneakerheads.com,12051
2023-06-01,runnation.com,9392
2023-06-01,healthyfeet.com,4561
2023-06-01,sneakerheads.com,12031
2023-06-02,runnation.com,9969
2023-06-02,healthyfeet.com,4372
2023-06-02,sneakerheads.com,11714
2023-06-03,runnation.com,11774
2023-06-03,healthyfeet.com,4467
2023-06-03,sneakerheads.com,10693
2023-06-04,runnation.com,10990
2023-06-04,healthyfeet.com,5296
2023-06-04,sneakerheads.com,11081
2023-06-05,runnation.com,11572
2023-06-05,healthyfeet.com,4259
2023-06-05,sneakerheads.com,12579
2023-06-06,runnation.com,11960
2023-06-06,healthyfeet.com,5355
2023-06-06,sneakerheads.com,10953
2023-06-07,runnation.com,11939
2023-06-07,healthyfeet.com,4212
2023-06-07,sneakerheads.com,12035
2023-06-08,runnation.com,10827
2023-06-08,healthyfeet.com,4816
2023-06-08,sneakerheads.com,12569
2023-06-09,runnation.com,11005
2023-06-09,healthyfeet.com,5361
2023-06-09,sneakerheads.com,11413
2023-06-10,runnation.com,11585
2023-06-10,healthyfeet.com,5077
2023-06-10,sneakerheads.com,12614
2023-06-11,runnation.com,11161
2023-06-11,healthyfeet.com,5301
2023-06-11,sneakerheads.com,12028
2023-06-12,runnation.com,10760
2023-06-12,healthyfeet.com,5256
2023-06-12,sneakerheads.com,11113
2023-06-13,runnation.com,10741
2023-06-13,healthyfeet.com,4749
2023-06-13,sneakerheads.com,11689
2023-06-14,runnation.com,9778
2023-06-14,healthyfeet.com,5103
2023-06-14,sneakerheads.com,11995
2023-06-15,runnation.com,10948
2023-06-15,healthyfeet.com,5181
2023-06-15,sneakerheads.com,12108
2023-06-16,runnation.com,10313
2023-06-16,healthyfeet.com,4176
2023-06-16,sneakerheads.com,10654
2023-06-17,runnation.com,11255
2023-06-17,healthyfeet.com,4367
2023-06-17,sneakerheads.com,12904
2023-06-18,runnation.com,11467
2023-06-18,healthyfeet.com,4581
2023-06-18,sneakerheads.com,12684
2023-06-19,runnation.com,10196
2023-06-19,healthyfeet.com,4636
2023-06-19,sneakerheads.com,12338
2023-06-20,runnation.com,11781
2023-06-20,healthyfeet.com,4553
2023-06-20,sneakerheads.com,10969
2023-06-21,runnation.com,11814
2023-06-21,healthyfeet.com,5115
2023-06-21,sneakerheads.com,11383
2023-06-22,runnation.com,10866
2023-06-22,healthyfeet.com,4312
2023-06-22,sneakerheads.com,12932
2023-06-23,runnation.com,11704
2023-06-23,healthyfeet.com,4957
2023-06-23,sneakerheads.com,12331
2023-06-24,runnation.com,9087
2023-06-24,healthyfeet.com,4808
2023-06-24,sneakerheads.com,12528
2023-06-25,runnation.com,11695
2023-06-25,healthyfeet.com,4474
2023-06-25,sneakerheads.com,11863
2023-06-26,runnation.com,11534
2023-06-26,healthyfeet.com,4108
2023-06-26,sneakerheads.com,12191
2023-06-27,runnation.com,10736
2023-06-27,healthyfeet.com,5027
2023-06-27,sneakerheads.com,12795
2023-06-28,runnation.com,9454
2023-06-28,healthyfeet.com,5354
2023-06-28,sneakerheads.com,11920
2023-06-29,runnation.com,11840
2023-06-29,healthyfeet.com,5220
2023-06-29,sneakerheads.com,12031
2023-06-30,runnation.com,11739
2023-06-30,healthyfeet.com,5312
2023-06-30,sneakerheads.com,11419
2023-07-01,runnation.com,12339
2023-07-01,healthyfeet.com,5262
2023-07-01,sneakerheads.com,12992
2023-07-02,runnation.com,10433
2023-07-02,healthyfeet.com,5023
2023-07-02,sneakerheads.com,13038
2023-07-03,runnation.com,12422
2023-07-03,healthyfeet.com,4066
2023-07-03,sneakerheads.com,12788
2023-07-04,runnation.com,10872
2023-07-04,healthyfeet.com,5109
2023-07-04,sneakerheads.com,11848
2023-07-05,runnation.com,10798
2023-07-05,healthyfeet.com,4104
2023-07-05,sneakerheads.com,12462
2023-07-06,runnation.com,11351
2023-07-06,healthyfeet.com,4541
2023-07-06,sneakerheads.com,13147
2023-07-07,runnation.com,12682
2023-07-07,healthyfeet.com,5375
2023-07-07,sneakerheads.com,12484
2023-07-08,runnation.com,11714
2023-07-08,healthyfeet.com,4617
2023-07-08,sneakerheads.com,10928
2023-07-09,runnation.com,11538
2023-07-09,healthyfeet.com,4718
2023-07-09,sneakerheads.com,13125
2023-07-10,runnation.com,11493
2023-07-10,healthyfeet.com,4296
2023-07-10,sneakerheads.com,12442
2023-07-11,runnation.com,9801
2023-07-11,healthyfeet.com,4082
2023-07-11,sneakerheads.com,12423
2023-07-12,runnation.com,11639
2023-07-12,healthyfeet.com,4671
2023-07-12,sneakerheads.com,12084
2023-07-13,runnation.com,11946
2023-07-13,healthyfeet.com,5206
2023-07-13,sneakerheads.com,10982
2023-07-14,runnation.com,11256
2023-07-14,healthyfeet.com,4439
2023-07-14,sneakerheads.com,12171
2023-07-15,runnation.com,11173
2023-07-15,healthyfeet.com,4197
2023-07-15,sneakerheads.com,12010
2023-07-16,runnation.com,11361
2023-07-16,healthyfeet.com,4235
2023-07-16,sneakerheads.com,12411
2023-07-17,runnation.com,11142
2023-07-17,healthyfeet.com,4830
2023-07-17,sneakerheads.com,12307
2023-07-18,runnation.com,12347
2023-07-18,healthyfeet.com,5464
2023-07-18,sneakerheads.com,12423
2023-07-19,runnation.com,11580
2023-07-19,healthyfeet.com,4932
2023-07-19,sneakerheads.com,11784
2023-07-20,runnation.com,11591
2023-07-20,healthyfeet.com,4128
2023-07-20,sneakerheads.com,11783
2023-07-21,runnation.com,12192
2023-07-21,healthyfeet.com,5180
2023-07-21,sneakerheads.com,12367
2023-07-22,runnation.com,11378
2023-07-22,healthyfeet.com,4576
2023-07-22,sneakerheads.com,13194
2023-07-23,runnation.com,10415
2023-07-23,healthyfeet.com,5154
2023-07-23,sneakerheads.com,11416
2023-07-24,runnation.com,10372
2023-07-24,healthyfeet.com,4207
2023-07-24,sneakerheads.com,12347
2023-07-25,runnation.com,12304
2023-07-25,healthyfeet.com,4790
2023-07-25,sneakerheads.com,13297
2023-07-26,runnation.com,11773
2023-07-26,healthyfeet.com,4099
2023-07-26,sneakerheads.com,11762
2023-07-27,runnation.com,12377
2023-07-27,healthyfeet.com,4709
2023-07-27,sneakerheads.com,11900
2023-07-28,runnation.com,11861
2023-07-28,healthyfeet.com,4419
2023-07-28,sneakerheads.com,12188
2023-07-29,runnation.com,10560
2023-07-29,healthyfeet.com,5049
2023-07-29,sneakerheads.com,12624
2023-07-30,runnation.com,10469
2023-07-30,healthyfeet.com,5190
2023-07-30,sneakerheads.com,11212
2023-07-31,runnation.com,12446
2023-07-31,healthyfeet.com,4677
2023-07-31,sneakerheads.com,12976
2023-08-01,runnation.com,12400
2023-08-01,healthyfeet.com,5362
2023-08-01,sneakerheads.com,11417
2023-08-02,runnation.com,11839
2023-08-02,healthyfeet.com,4929
2023-08-02,sneakerheads.com,11510
2023-08-03,runnation.com,11603
2023-08-03,healthyfeet.com,5186
2023-08-03,sneakerheads.com,13125
2023-08-04,runnation.com,13487
2023-08-04,healthyfeet.com,4696
2023-08-04,sneakerheads.com,12143
2023-08-05,runnation.com,11567
2023-08-05,healthyfeet.com,5298
2023-08-05,sneakerheads.com,12813
2023-08-06,runnation.com,11241
2023-08-06,healthyfeet.com,5472
2023-08-06,sneakerheads.com,12665
2023-08-07,runnation.com,12100
2023-08-07,healthyfeet.com,5529
2023-08-07,sneakerheads.com,13381
2023-08-08,runnation.com,11854
2023-08-08,healthyfeet.com,4874
2023-08-08,sneakerheads.com,12433
2023-08-09,runnation.com,10649
2023-08-09,healthyfeet.com,5032
2023-08-09,sneakerheads.com,13313
2023-08-10,runnation.com,11610
2023-08-10,healthyfeet.com,5111
2023-08-10,sneakerheads.com,11495
2023-08-11,runnation.com,11662
2023-08-11,healthyfeet.com,4962
2023-08-11,sneakerheads.com,12178
2023-08-12,runnation.com,11765
2023-08-12,healthyfeet.com,5283
2023-08-12,sneakerheads.com,11573
2023-08-13,runnation.com,12748
2023-08-13,healthyfeet.com,5147
2023-08-13,sneakerheads.com,11252
2023-08-14,runnation.com,12986
2023-08-14,healthyfeet.com,5344
2023-08-14,sneakerheads.com,12306
2023-08-15,runnation.com,11795
2023-08-15,healthyfeet.com,5175
2023-08-15,sneakerheads.com,11356
2023-08-16,runnation.com,12515
2023-08-16,healthyfeet.com,4645
2023-08-16,sneakerheads.com,13465
2023-08-17,runnation.com,12785
2023-08-17,healthyfeet.com,4920
2023-08-17,sneakerheads.com,12561
2023-08-18,runnation.com,11837
2023-08-18,healthyfeet.com,5546
2023-08-18,sneakerheads.com,12435
2023-08-19,runnation.com,12074
2023-08-19,healthyfeet.com,4532
2023-08-19,sneakerheads.com,13391
2023-08-20,runnation.com,13190
2023-08-20,healthyfeet.com,4880
2023-08-20,sneakerheads.com,13455
2023-08-21,runnation.com,12614
2023-08-21,healthyfeet.com,4647
2023-08-21,sneakerheads.com,13238
2023-08-22,runnation.com,11657
2023-08-22,healthyfeet.com,4474
2023-08-22,sneakerheads.com,13323
2023-08-23,runnation.com,10908
2023-08-23,healthyfeet.com,4720
2023-08-23,sneakerheads.com,12442
2023-08-24,runnation.com,12320
2023-08-24,healthyfeet.com,5189
2023-08-24,sneakerheads.com,11832
2023-08-25,runnation.com,12448
2023-08-25,healthyfeet.com,5368
2023-08-25,sneakerheads.com,12889
2023-08-26,runnation.com,11383
2023-08-26,healthyfeet.com,4707
2023-08-26,sneakerheads.com,12748
2023-08-27,runnation.com,12853
2023-08-27,healthyfeet.com,5066
2023-08-27,sneakerheads.com,11579
2023-08-28,runnation.com,12731
2023-08-28,healthyfeet.com,4744
2023-08-28,sneakerheads.com,11580
2023-08-29,runnation.com,12544
2023-08-29,healthyfeet.com,5359
2023-08-29,sneakerheads.com,11410
2023-08-30,runnation.com,11595
2023-08-30,healthyfeet.com,5229
2023-08-30,sneakerheads.com,13101
2023-08-31,runnation.com,13167
2023-08-31,healthyfeet.com,5298
2023-08-31,sneakerheads.com,12457